"","sim_id","grid_size","habitat_percent","spatial_ac","frag_factor","n_pop","species","niche_breadth","sim_steps_pre","sim_steps_post","patches","birth_rate","death_rate","dispersal","dispersal_distance","cc_inter","cc_intra","edge_effects","immigrants","n_samples"
"1",1,50,0.15,0.9,0.1,5000,1000,0.1,40,60,1,0.85,0.25,1,3,60,60,1,50,1
"2",1,50,0.15,0.9,0.1,5000,1000,0.1,40,60,1,0.85,0.25,1,3,60,60,1,50,2
"3",1,50,0.15,0.9,0.1,5000,1000,0.1,40,60,1,0.85,0.25,1,3,60,60,1,50,3
"4",1,50,0.15,0.9,0.1,5000,1000,0.1,40,60,1,0.85,0.25,1,3,60,60,1,50,4
"5",1,50,0.15,0.9,0.1,5000,1000,0.1,40,60,1,0.85,0.25,1,3,60,60,1,50,5
"6",1,50,0.15,0.9,0.1,5000,1000,0.1,40,60,1,0.85,0.25,1,3,60,60,1,50,6
"7",1,50,0.15,0.9,0.1,5000,1000,0.1,40,60,1,0.85,0.25,1,3,60,60,1,50,7
"8",1,50,0.15,0.9,0.1,5000,1000,0.1,40,60,1,0.85,0.25,1,3,60,60,1,50,8
"9",1,50,0.15,0.9,0.1,5000,1000,0.1,40,60,1,0.85,0.25,1,3,60,60,1,50,9
"10",1,50,0.15,0.9,0.1,5000,1000,0.1,40,60,1,0.85,0.25,1,3,60,60,1,50,10
"11",1,50,0.15,0.9,0.1,5000,1000,0.1,40,60,1,0.85,0.25,1,3,60,60,1,50,11
"12",1,50,0.15,0.9,0.1,5000,1000,0.1,40,60,1,0.85,0.25,1,3,60,60,1,50,12
"13",1,50,0.15,0.9,0.1,5000,1000,0.1,40,60,1,0.85,0.25,1,3,60,60,1,50,13
"14",1,50,0.15,0.9,0.1,5000,1000,0.1,40,60,1,0.85,0.25,1,3,60,60,1,50,14
"15",1,50,0.15,0.9,0.1,5000,1000,0.1,40,60,1,0.85,0.25,1,3,60,60,1,50,15
"16",1,50,0.15,0.9,0.1,5000,1000,0.1,40,60,1,0.85,0.25,1,3,60,60,1,50,16
"17",1,50,0.15,0.9,0.1,5000,1000,0.1,40,60,1,0.85,0.25,1,3,60,60,1,50,17
"18",1,50,0.15,0.9,0.1,5000,1000,0.1,40,60,1,0.85,0.25,1,3,60,60,1,50,18
"19",1,50,0.15,0.9,0.1,5000,1000,0.1,40,60,1,0.85,0.25,1,3,60,60,1,50,19
"20",1,50,0.15,0.9,0.1,5000,1000,0.1,40,60,1,0.85,0.25,1,3,60,60,1,50,20
"21",1,50,0.15,0.9,0.1,5000,1000,0.1,40,60,1,0.85,0.25,1,3,60,60,1,50,21
"22",1,50,0.15,0.9,0.1,5000,1000,0.1,40,60,1,0.85,0.25,1,3,60,60,1,50,22
"23",1,50,0.15,0.9,0.1,5000,1000,0.1,40,60,1,0.85,0.25,1,3,60,60,1,50,23
"24",1,50,0.15,0.9,0.1,5000,1000,0.1,40,60,1,0.85,0.25,1,3,60,60,1,50,24
"25",1,50,0.15,0.9,0.1,5000,1000,0.1,40,60,1,0.85,0.25,1,3,60,60,1,50,25
"26",1,50,0.15,0.9,0.1,5000,1000,0.1,40,60,1,0.85,0.25,1,3,60,60,1,50,26
"27",1,50,0.15,0.9,0.1,5000,1000,0.1,40,60,1,0.85,0.25,1,3,60,60,1,50,27
"28",1,50,0.15,0.9,0.1,5000,1000,0.1,40,60,1,0.85,0.25,1,3,60,60,1,50,28
"29",1,50,0.15,0.9,0.1,5000,1000,0.1,40,60,1,0.85,0.25,1,3,60,60,1,50,29
"30",1,50,0.15,0.9,0.1,5000,1000,0.1,40,60,1,0.85,0.25,1,3,60,60,1,50,30
"31",1,50,0.15,0.9,0.1,5000,1000,0.1,40,60,1,0.85,0.25,1,3,60,60,1,50,31
"32",1,50,0.15,0.9,0.1,5000,1000,0.1,40,60,1,0.85,0.25,1,3,60,60,1,50,32
"33",1,50,0.15,0.9,0.1,5000,1000,0.1,40,60,1,0.85,0.25,1,3,60,60,1,50,33
"34",1,50,0.15,0.9,0.1,5000,1000,0.1,40,60,1,0.85,0.25,1,3,60,60,1,50,34
"35",1,50,0.15,0.9,0.1,5000,1000,0.1,40,60,1,0.85,0.25,1,3,60,60,1,50,35
"36",1,50,0.15,0.9,0.1,5000,1000,0.1,40,60,1,0.85,0.25,1,3,60,60,1,50,36
"37",1,50,0.15,0.9,0.1,5000,1000,0.1,40,60,1,0.85,0.25,1,3,60,60,1,50,37
"38",1,50,0.15,0.9,0.1,5000,1000,0.1,40,60,1,0.85,0.25,1,3,60,60,1,50,38
"39",1,50,0.15,0.9,0.1,5000,1000,0.1,40,60,1,0.85,0.25,1,3,60,60,1,50,39
"40",1,50,0.15,0.9,0.1,5000,1000,0.1,40,60,1,0.85,0.25,1,3,60,60,1,50,40
"41",1,50,0.15,0.9,0.1,5000,1000,0.1,40,60,1,0.85,0.25,1,3,60,60,1,50,41
"42",1,50,0.15,0.9,0.1,5000,1000,0.1,40,60,1,0.85,0.25,1,3,60,60,1,50,42
"43",1,50,0.15,0.9,0.1,5000,1000,0.1,40,60,1,0.85,0.25,1,3,60,60,1,50,43
"44",1,50,0.15,0.9,0.1,5000,1000,0.1,40,60,1,0.85,0.25,1,3,60,60,1,50,45
"45",1,50,0.15,0.9,0.1,5000,1000,0.1,40,60,1,0.85,0.25,1,3,60,60,1,50,48
"46",1,50,0.15,0.9,0.1,5000,1000,0.1,40,60,1,0.85,0.25,1,3,60,60,1,50,49
"47",1,50,0.15,0.9,0.1,5000,1000,0.1,40,60,1,0.85,0.25,1,3,60,60,1,50,50
"48",1,50,0.15,0.9,0.1,5000,1000,0.1,40,60,1,0.85,0.25,1,3,60,60,1,50,51
"49",1,50,0.15,0.9,0.1,5000,1000,0.1,40,60,1,0.85,0.25,1,3,60,60,1,50,52
"50",1,50,0.15,0.9,0.1,5000,1000,0.1,40,60,1,0.85,0.25,1,3,60,60,1,50,53
"51",1,50,0.15,0.9,0.1,5000,1000,0.1,40,60,1,0.85,0.25,1,3,60,60,1,50,54
"52",1,50,0.15,0.9,0.1,5000,1000,0.1,40,60,1,0.85,0.25,1,3,60,60,1,50,55
"53",1,50,0.15,0.9,0.1,5000,1000,0.1,40,60,1,0.85,0.25,1,3,60,60,1,50,56
"54",1,50,0.15,0.9,0.1,5000,1000,0.1,40,60,1,0.85,0.25,1,3,60,60,1,50,57
"55",1,50,0.15,0.9,0.1,5000,1000,0.1,40,60,1,0.85,0.25,1,3,60,60,1,50,58
"56",1,50,0.15,0.9,0.1,5000,1000,0.1,40,60,1,0.85,0.25,1,3,60,60,1,50,59
"57",1,50,0.15,0.9,0.1,5000,1000,0.1,40,60,1,0.85,0.25,1,3,60,60,1,50,60
"58",1,50,0.15,0.9,0.1,5000,1000,0.1,40,60,1,0.85,0.25,1,3,60,60,1,50,61
"59",1,50,0.15,0.9,0.1,5000,1000,0.1,40,60,1,0.85,0.25,1,3,60,60,1,50,62
"60",1,50,0.15,0.9,0.1,5000,1000,0.1,40,60,1,0.85,0.25,1,3,60,60,1,50,63
"61",1,50,0.15,0.9,0.1,5000,1000,0.1,40,60,1,0.85,0.25,1,3,60,60,1,50,64
"62",1,50,0.15,0.9,0.1,5000,1000,0.1,40,60,1,0.85,0.25,1,3,60,60,1,50,65
"63",1,50,0.15,0.9,0.1,5000,1000,0.1,40,60,1,0.85,0.25,1,3,60,60,1,50,66
"64",1,50,0.15,0.9,0.1,5000,1000,0.1,40,60,1,0.85,0.25,1,3,60,60,1,50,67
"65",1,50,0.15,0.9,0.1,5000,1000,0.1,40,60,1,0.85,0.25,1,3,60,60,1,50,68
"66",1,50,0.15,0.9,0.1,5000,1000,0.1,40,60,1,0.85,0.25,1,3,60,60,1,50,69
"67",1,50,0.15,0.9,0.1,5000,1000,0.1,40,60,1,0.85,0.25,1,3,60,60,1,50,70
"68",1,50,0.15,0.9,0.1,5000,1000,0.1,40,60,1,0.85,0.25,1,3,60,60,1,50,71
"69",1,50,0.15,0.9,0.1,5000,1000,0.1,40,60,1,0.85,0.25,1,3,60,60,1,50,72
"70",1,50,0.15,0.9,0.1,5000,1000,0.1,40,60,1,0.85,0.25,1,3,60,60,1,50,73
"71",1,50,0.15,0.9,0.1,5000,1000,0.1,40,60,1,0.85,0.25,1,3,60,60,1,50,74
"72",1,50,0.15,0.9,0.1,5000,1000,0.1,40,60,1,0.85,0.25,1,3,60,60,1,50,75
"73",1,50,0.15,0.9,0.1,5000,1000,0.1,40,60,1,0.85,0.25,1,3,60,60,1,50,76
"74",1,50,0.15,0.9,0.1,5000,1000,0.1,40,60,1,0.85,0.25,1,3,60,60,1,50,77
"75",1,50,0.15,0.9,0.1,5000,1000,0.1,40,60,1,0.85,0.25,1,3,60,60,1,50,78
"76",1,50,0.15,0.9,0.1,5000,1000,0.1,40,60,1,0.85,0.25,1,3,60,60,1,50,79
"77",1,50,0.15,0.9,0.1,5000,1000,0.1,40,60,1,0.85,0.25,1,3,60,60,1,50,80
"78",1,50,0.15,0.9,0.1,5000,1000,0.1,40,60,1,0.85,0.25,1,3,60,60,1,50,81
"79",1,50,0.15,0.9,0.1,5000,1000,0.1,40,60,1,0.85,0.25,1,3,60,60,1,50,82
"80",1,50,0.15,0.9,0.1,5000,1000,0.1,40,60,1,0.85,0.25,1,3,60,60,1,50,83
"81",1,50,0.15,0.9,0.1,5000,1000,0.1,40,60,1,0.85,0.25,1,3,60,60,1,50,84
"82",1,50,0.15,0.9,0.1,5000,1000,0.1,40,60,1,0.85,0.25,1,3,60,60,1,50,85
"83",1,50,0.15,0.9,0.1,5000,1000,0.1,40,60,1,0.85,0.25,1,3,60,60,1,50,86
"84",1,50,0.15,0.9,0.1,5000,1000,0.1,40,60,1,0.85,0.25,1,3,60,60,1,50,87
"85",1,50,0.15,0.9,0.1,5000,1000,0.1,40,60,1,0.85,0.25,1,3,60,60,1,50,88
"86",1,50,0.15,0.9,0.1,5000,1000,0.1,40,60,1,0.85,0.25,1,3,60,60,1,50,89
"87",1,50,0.15,0.9,0.1,5000,1000,0.1,40,60,1,0.85,0.25,1,3,60,60,1,50,90
"88",1,50,0.15,0.9,0.1,5000,1000,0.1,40,60,1,0.85,0.25,1,3,60,60,1,50,91
"89",1,50,0.15,0.9,0.1,5000,1000,0.1,40,60,1,0.85,0.25,1,3,60,60,1,50,92
"90",1,50,0.15,0.9,0.1,5000,1000,0.1,40,60,1,0.85,0.25,1,3,60,60,1,50,93
"91",1,50,0.15,0.9,0.1,5000,1000,0.1,40,60,1,0.85,0.25,1,3,60,60,1,50,94
"92",1,50,0.15,0.9,0.1,5000,1000,0.1,40,60,1,0.85,0.25,1,3,60,60,1,50,95
"93",1,50,0.15,0.9,0.1,5000,1000,0.1,40,60,1,0.85,0.25,1,3,60,60,1,50,96
"94",1,50,0.15,0.9,0.1,5000,1000,0.1,40,60,1,0.85,0.25,1,3,60,60,1,50,97
"95",1,50,0.15,0.9,0.1,5000,1000,0.1,40,60,1,0.85,0.25,1,3,60,60,1,50,98
"96",1,50,0.15,0.9,0.1,5000,1000,0.1,40,60,1,0.85,0.25,1,3,60,60,1,50,99
"97",1,50,0.15,0.9,0.1,5000,1000,0.1,40,60,1,0.85,0.25,1,3,60,60,1,50,100
"98",1,50,0.15,0.9,0.1,5000,1000,0.1,40,60,1,0.85,0.25,1,3,60,60,1,50,101
"99",1,50,0.15,0.9,0.1,5000,1000,0.1,40,60,1,0.85,0.25,1,3,60,60,1,50,102
"100",1,50,0.15,0.9,0.1,5000,1000,0.1,40,60,1,0.85,0.25,1,3,60,60,1,50,103
"101",1,50,0.15,0.9,0.1,5000,1000,0.1,40,60,1,0.85,0.25,1,3,60,60,1,50,104
"102",1,50,0.15,0.9,0.1,5000,1000,0.1,40,60,1,0.85,0.25,1,3,60,60,1,50,105
"103",1,50,0.15,0.9,0.1,5000,1000,0.1,40,60,1,0.85,0.25,1,3,60,60,1,50,106
"104",1,50,0.15,0.9,0.1,5000,1000,0.1,40,60,1,0.85,0.25,1,3,60,60,1,50,107
"105",1,50,0.15,0.9,0.1,5000,1000,0.1,40,60,1,0.85,0.25,1,3,60,60,1,50,108
"106",1,50,0.15,0.9,0.1,5000,1000,0.1,40,60,1,0.85,0.25,1,3,60,60,1,50,109
"107",1,50,0.15,0.9,0.1,5000,1000,0.1,40,60,1,0.85,0.25,1,3,60,60,1,50,110
"108",1,50,0.15,0.9,0.1,5000,1000,0.1,40,60,1,0.85,0.25,1,3,60,60,1,50,111
"109",1,50,0.15,0.9,0.1,5000,1000,0.1,40,60,1,0.85,0.25,1,3,60,60,1,50,112
"110",1,50,0.15,0.9,0.1,5000,1000,0.1,40,60,1,0.85,0.25,1,3,60,60,1,50,113
"111",1,50,0.15,0.9,0.1,5000,1000,0.1,40,60,1,0.85,0.25,1,3,60,60,1,50,114
"112",1,50,0.15,0.9,0.1,5000,1000,0.1,40,60,1,0.85,0.25,1,3,60,60,1,50,115
"113",1,50,0.15,0.9,0.1,5000,1000,0.1,40,60,1,0.85,0.25,1,3,60,60,1,50,116
"114",1,50,0.15,0.9,0.1,5000,1000,0.1,40,60,1,0.85,0.25,1,3,60,60,1,50,117
"115",1,50,0.15,0.9,0.1,5000,1000,0.1,40,60,1,0.85,0.25,1,3,60,60,1,50,118
"116",1,50,0.15,0.9,0.1,5000,1000,0.1,40,60,1,0.85,0.25,1,3,60,60,1,50,119
"117",1,50,0.15,0.9,0.1,5000,1000,0.1,40,60,1,0.85,0.25,1,3,60,60,1,50,120
"118",1,50,0.15,0.9,0.1,5000,1000,0.1,40,60,1,0.85,0.25,1,3,60,60,1,50,121
"119",1,50,0.15,0.9,0.1,5000,1000,0.1,40,60,1,0.85,0.25,1,3,60,60,1,50,122
"120",1,50,0.15,0.9,0.1,5000,1000,0.1,40,60,1,0.85,0.25,1,3,60,60,1,50,123
"121",1,50,0.15,0.9,0.1,5000,1000,0.1,40,60,1,0.85,0.25,1,3,60,60,1,50,124
"122",1,50,0.15,0.9,0.1,5000,1000,0.1,40,60,1,0.85,0.25,1,3,60,60,1,50,125
"123",1,50,0.15,0.9,0.1,5000,1000,0.1,40,60,1,0.85,0.25,1,3,60,60,1,50,126
"124",1,50,0.15,0.9,0.1,5000,1000,0.1,40,60,1,0.85,0.25,1,3,60,60,1,50,127
"125",1,50,0.15,0.9,0.1,5000,1000,0.1,40,60,1,0.85,0.25,1,3,60,60,1,50,128
"126",1,50,0.15,0.9,0.1,5000,1000,0.1,40,60,1,0.85,0.25,1,3,60,60,1,50,129
"127",1,50,0.15,0.9,0.1,5000,1000,0.1,40,60,1,0.85,0.25,1,3,60,60,1,50,130
"128",1,50,0.15,0.9,0.1,5000,1000,0.1,40,60,1,0.85,0.25,1,3,60,60,1,50,131
"129",1,50,0.15,0.9,0.1,5000,1000,0.1,40,60,1,0.85,0.25,1,3,60,60,1,50,132
"130",1,50,0.15,0.9,0.1,5000,1000,0.1,40,60,1,0.85,0.25,1,3,60,60,1,50,133
"131",1,50,0.15,0.9,0.1,5000,1000,0.1,40,60,1,0.85,0.25,1,3,60,60,1,50,134
"132",1,50,0.15,0.9,0.1,5000,1000,0.1,40,60,1,0.85,0.25,1,3,60,60,1,50,135
"133",1,50,0.15,0.9,0.1,5000,1000,0.1,40,60,1,0.85,0.25,1,3,60,60,1,50,136
"134",1,50,0.15,0.9,0.1,5000,1000,0.1,40,60,1,0.85,0.25,1,3,60,60,1,50,137
"135",1,50,0.15,0.9,0.1,5000,1000,0.1,40,60,1,0.85,0.25,1,3,60,60,1,50,138
"136",1,50,0.15,0.9,0.1,5000,1000,0.1,40,60,1,0.85,0.25,1,3,60,60,1,50,139
"137",1,50,0.15,0.9,0.1,5000,1000,0.1,40,60,1,0.85,0.25,1,3,60,60,1,50,140
"138",1,50,0.15,0.9,0.1,5000,1000,0.1,40,60,1,0.85,0.25,1,3,60,60,1,50,141
"139",1,50,0.15,0.9,0.1,5000,1000,0.1,40,60,1,0.85,0.25,1,3,60,60,1,50,142
"140",1,50,0.15,0.9,0.1,5000,1000,0.1,40,60,1,0.85,0.25,1,3,60,60,1,50,143
"141",1,50,0.15,0.9,0.1,5000,1000,0.1,40,60,1,0.85,0.25,1,3,60,60,1,50,144
"142",1,50,0.15,0.9,0.1,5000,1000,0.1,40,60,1,0.85,0.25,1,3,60,60,1,50,145
"143",1,50,0.15,0.9,0.1,5000,1000,0.1,40,60,1,0.85,0.25,1,3,60,60,1,50,146
"144",1,50,0.15,0.9,0.1,5000,1000,0.1,40,60,1,0.85,0.25,1,3,60,60,1,50,147
"145",1,50,0.15,0.9,0.1,5000,1000,0.1,40,60,1,0.85,0.25,1,3,60,60,1,50,148
"146",1,50,0.15,0.9,0.1,5000,1000,0.1,40,60,1,0.85,0.25,1,3,60,60,1,50,149
"147",1,50,0.15,0.9,0.1,5000,1000,0.1,40,60,1,0.85,0.25,1,3,60,60,1,50,150
"148",1,50,0.15,0.9,0.1,5000,1000,0.1,40,60,1,0.85,0.25,1,3,60,60,1,50,151
"149",1,50,0.15,0.9,0.1,5000,1000,0.1,40,60,1,0.85,0.25,1,3,60,60,1,50,152
"150",1,50,0.15,0.9,0.1,5000,1000,0.1,40,60,1,0.85,0.25,1,3,60,60,1,50,153
"151",1,50,0.15,0.9,0.1,5000,1000,0.1,40,60,1,0.85,0.25,1,3,60,60,1,50,154
"152",1,50,0.15,0.9,0.1,5000,1000,0.1,40,60,1,0.85,0.25,1,3,60,60,1,50,155
"153",1,50,0.15,0.9,0.1,5000,1000,0.1,40,60,1,0.85,0.25,1,3,60,60,1,50,156
"154",1,50,0.15,0.9,0.1,5000,1000,0.1,40,60,1,0.85,0.25,1,3,60,60,1,50,157
"155",1,50,0.15,0.9,0.1,5000,1000,0.1,40,60,1,0.85,0.25,1,3,60,60,1,50,158
"156",1,50,0.15,0.9,0.1,5000,1000,0.1,40,60,1,0.85,0.25,1,3,60,60,1,50,159
"157",1,50,0.15,0.9,0.1,5000,1000,0.1,40,60,1,0.85,0.25,1,3,60,60,1,50,160
"158",1,50,0.15,0.9,0.1,5000,1000,0.1,40,60,1,0.85,0.25,1,3,60,60,1,50,161
"159",1,50,0.15,0.9,0.1,5000,1000,0.1,40,60,1,0.85,0.25,1,3,60,60,1,50,162
"160",1,50,0.15,0.9,0.1,5000,1000,0.1,40,60,1,0.85,0.25,1,3,60,60,1,50,163
"161",1,50,0.15,0.9,0.1,5000,1000,0.1,40,60,1,0.85,0.25,1,3,60,60,1,50,164
"162",1,50,0.15,0.9,0.1,5000,1000,0.1,40,60,1,0.85,0.25,1,3,60,60,1,50,165
"163",1,50,0.15,0.9,0.1,5000,1000,0.1,40,60,1,0.85,0.25,1,3,60,60,1,50,166
"164",1,50,0.15,0.9,0.1,5000,1000,0.1,40,60,1,0.85,0.25,1,3,60,60,1,50,167
"165",1,50,0.15,0.9,0.1,5000,1000,0.1,40,60,1,0.85,0.25,1,3,60,60,1,50,168
"166",1,50,0.15,0.9,0.1,5000,1000,0.1,40,60,1,0.85,0.25,1,3,60,60,1,50,169
"167",1,50,0.15,0.9,0.1,5000,1000,0.1,40,60,1,0.85,0.25,1,3,60,60,1,50,170
"168",1,50,0.15,0.9,0.1,5000,1000,0.1,40,60,1,0.85,0.25,1,3,60,60,1,50,171
"169",1,50,0.15,0.9,0.1,5000,1000,0.1,40,60,1,0.85,0.25,1,3,60,60,1,50,172
"170",1,50,0.15,0.9,0.1,5000,1000,0.1,40,60,1,0.85,0.25,1,3,60,60,1,50,173
"171",1,50,0.15,0.9,0.1,5000,1000,0.1,40,60,1,0.85,0.25,1,3,60,60,1,50,174
"172",1,50,0.15,0.9,0.1,5000,1000,0.1,40,60,1,0.85,0.25,1,3,60,60,1,50,175
"173",1,50,0.15,0.9,0.1,5000,1000,0.1,40,60,1,0.85,0.25,1,3,60,60,1,50,176
"174",1,50,0.15,0.9,0.1,5000,1000,0.1,40,60,1,0.85,0.25,1,3,60,60,1,50,177
"175",1,50,0.15,0.9,0.1,5000,1000,0.1,40,60,1,0.85,0.25,1,3,60,60,1,50,178
"176",1,50,0.15,0.9,0.1,5000,1000,0.1,40,60,1,0.85,0.25,1,3,60,60,1,50,179
"177",1,50,0.15,0.9,0.1,5000,1000,0.1,40,60,1,0.85,0.25,1,3,60,60,1,50,180
"178",1,50,0.15,0.9,0.1,5000,1000,0.1,40,60,1,0.85,0.25,1,3,60,60,1,50,181
"179",1,50,0.15,0.9,0.1,5000,1000,0.1,40,60,1,0.85,0.25,1,3,60,60,1,50,182
"180",1,50,0.15,0.9,0.1,5000,1000,0.1,40,60,1,0.85,0.25,1,3,60,60,1,50,183
"181",1,50,0.15,0.9,0.1,5000,1000,0.1,40,60,1,0.85,0.25,1,3,60,60,1,50,184
"182",1,50,0.15,0.9,0.1,5000,1000,0.1,40,60,1,0.85,0.25,1,3,60,60,1,50,185
"183",1,50,0.15,0.9,0.1,5000,1000,0.1,40,60,1,0.85,0.25,1,3,60,60,1,50,186
"184",1,50,0.15,0.9,0.1,5000,1000,0.1,40,60,1,0.85,0.25,1,3,60,60,1,50,187
"185",1,50,0.15,0.9,0.1,5000,1000,0.1,40,60,1,0.85,0.25,1,3,60,60,1,50,188
"186",1,50,0.15,0.9,0.1,5000,1000,0.1,40,60,1,0.85,0.25,1,3,60,60,1,50,189
"187",1,50,0.15,0.9,0.1,5000,1000,0.1,40,60,1,0.85,0.25,1,3,60,60,1,50,190
"188",1,50,0.15,0.9,0.1,5000,1000,0.1,40,60,1,0.85,0.25,1,3,60,60,1,50,191
"189",1,50,0.15,0.9,0.1,5000,1000,0.1,40,60,1,0.85,0.25,1,3,60,60,1,50,192
"190",1,50,0.15,0.9,0.1,5000,1000,0.1,40,60,1,0.85,0.25,1,3,60,60,1,50,193
"191",1,50,0.15,0.9,0.1,5000,1000,0.1,40,60,1,0.85,0.25,1,3,60,60,1,50,194
"192",1,50,0.15,0.9,0.1,5000,1000,0.1,40,60,1,0.85,0.25,1,3,60,60,1,50,195
"193",1,50,0.15,0.9,0.1,5000,1000,0.1,40,60,1,0.85,0.25,1,3,60,60,1,50,196
"194",1,50,0.15,0.9,0.1,5000,1000,0.1,40,60,1,0.85,0.25,1,3,60,60,1,50,197
"195",1,50,0.15,0.9,0.1,5000,1000,0.1,40,60,1,0.85,0.25,1,3,60,60,1,50,198
"196",1,50,0.15,0.9,0.1,5000,1000,0.1,40,60,1,0.85,0.25,1,3,60,60,1,50,199
"197",1,50,0.15,0.9,0.1,5000,1000,0.1,40,60,1,0.85,0.25,1,3,60,60,1,50,200
"198",1,50,0.15,0.9,0.1,5000,1000,0.1,40,60,1,0.85,0.25,1,3,60,60,1,50,201
"199",1,50,0.15,0.9,0.1,5000,1000,0.1,40,60,1,0.85,0.25,1,3,60,60,1,50,202
"200",1,50,0.15,0.9,0.1,5000,1000,0.1,40,60,1,0.85,0.25,1,3,60,60,1,50,203
"201",1,50,0.15,0.9,0.1,5000,1000,0.1,40,60,1,0.85,0.25,1,3,60,60,1,50,204
"202",1,50,0.15,0.9,0.1,5000,1000,0.1,40,60,1,0.85,0.25,1,3,60,60,1,50,205
"203",1,50,0.15,0.9,0.1,5000,1000,0.1,40,60,1,0.85,0.25,1,3,60,60,1,50,206
"204",1,50,0.15,0.9,0.1,5000,1000,0.1,40,60,1,0.85,0.25,1,3,60,60,1,50,207
"205",1,50,0.15,0.9,0.1,5000,1000,0.1,40,60,1,0.85,0.25,1,3,60,60,1,50,208
"206",1,50,0.15,0.9,0.1,5000,1000,0.1,40,60,1,0.85,0.25,1,3,60,60,1,50,209
"207",1,50,0.15,0.9,0.1,5000,1000,0.1,40,60,1,0.85,0.25,1,3,60,60,1,50,210
"208",1,50,0.15,0.9,0.1,5000,1000,0.1,40,60,1,0.85,0.25,1,3,60,60,1,50,211
"209",1,50,0.15,0.9,0.1,5000,1000,0.1,40,60,1,0.85,0.25,1,3,60,60,1,50,212
"210",1,50,0.15,0.9,0.1,5000,1000,0.1,40,60,1,0.85,0.25,1,3,60,60,1,50,213
"211",1,50,0.15,0.9,0.1,5000,1000,0.1,40,60,1,0.85,0.25,1,3,60,60,1,50,214
"212",1,50,0.15,0.9,0.1,5000,1000,0.1,40,60,1,0.85,0.25,1,3,60,60,1,50,215
"213",1,50,0.15,0.9,0.1,5000,1000,0.1,40,60,1,0.85,0.25,1,3,60,60,1,50,216
"214",1,50,0.15,0.9,0.1,5000,1000,0.1,40,60,1,0.85,0.25,1,3,60,60,1,50,217
"215",1,50,0.15,0.9,0.1,5000,1000,0.1,40,60,1,0.85,0.25,1,3,60,60,1,50,218
"216",1,50,0.15,0.9,0.1,5000,1000,0.1,40,60,1,0.85,0.25,1,3,60,60,1,50,219
"217",1,50,0.15,0.9,0.1,5000,1000,0.1,40,60,1,0.85,0.25,1,3,60,60,1,50,220
"218",1,50,0.15,0.9,0.1,5000,1000,0.1,40,60,1,0.85,0.25,1,3,60,60,1,50,221
"219",1,50,0.15,0.9,0.1,5000,1000,0.1,40,60,1,0.85,0.25,1,3,60,60,1,50,222
"220",1,50,0.15,0.9,0.1,5000,1000,0.1,40,60,1,0.85,0.25,1,3,60,60,1,50,223
"221",1,50,0.15,0.9,0.1,5000,1000,0.1,40,60,1,0.85,0.25,1,3,60,60,1,50,224
"222",1,50,0.15,0.9,0.1,5000,1000,0.1,40,60,1,0.85,0.25,1,3,60,60,1,50,225
"223",1,50,0.15,0.9,0.1,5000,1000,0.1,40,60,1,0.85,0.25,1,3,60,60,1,50,226
"224",1,50,0.15,0.9,0.1,5000,1000,0.1,40,60,1,0.85,0.25,1,3,60,60,1,50,227
"225",1,50,0.15,0.9,0.1,5000,1000,0.1,40,60,1,0.85,0.25,1,3,60,60,1,50,228
"226",1,50,0.15,0.9,0.1,5000,1000,0.1,40,60,1,0.85,0.25,1,3,60,60,1,50,229
"227",1,50,0.15,0.9,0.1,5000,1000,0.1,40,60,1,0.85,0.25,1,3,60,60,1,50,230
"228",1,50,0.15,0.9,0.1,5000,1000,0.1,40,60,1,0.85,0.25,1,3,60,60,1,50,231
"229",1,50,0.15,0.9,0.1,5000,1000,0.1,40,60,1,0.85,0.25,1,3,60,60,1,50,232
"230",1,50,0.15,0.9,0.1,5000,1000,0.1,40,60,1,0.85,0.25,1,3,60,60,1,50,233
"231",1,50,0.15,0.9,0.1,5000,1000,0.1,40,60,1,0.85,0.25,1,3,60,60,1,50,234
"232",1,50,0.15,0.9,0.1,5000,1000,0.1,40,60,1,0.85,0.25,1,3,60,60,1,50,235
"233",1,50,0.15,0.9,0.1,5000,1000,0.1,40,60,1,0.85,0.25,1,3,60,60,1,50,236
"234",1,50,0.15,0.9,0.1,5000,1000,0.1,40,60,1,0.85,0.25,1,3,60,60,1,50,237
"235",1,50,0.15,0.9,0.1,5000,1000,0.1,40,60,1,0.85,0.25,1,3,60,60,1,50,238
"236",1,50,0.15,0.9,0.1,5000,1000,0.1,40,60,1,0.85,0.25,1,3,60,60,1,50,239
"237",1,50,0.15,0.9,0.1,5000,1000,0.1,40,60,1,0.85,0.25,1,3,60,60,1,50,240
"238",1,50,0.15,0.9,0.1,5000,1000,0.1,40,60,1,0.85,0.25,1,3,60,60,1,50,241
"239",1,50,0.15,0.9,0.1,5000,1000,0.1,40,60,1,0.85,0.25,1,3,60,60,1,50,242
"240",1,50,0.15,0.9,0.1,5000,1000,0.1,40,60,1,0.85,0.25,1,3,60,60,1,50,243
"241",1,50,0.15,0.9,0.1,5000,1000,0.1,40,60,1,0.85,0.25,1,3,60,60,1,50,244
"242",1,50,0.15,0.9,0.1,5000,1000,0.1,40,60,1,0.85,0.25,1,3,60,60,1,50,245
"243",1,50,0.15,0.9,0.1,5000,1000,0.1,40,60,1,0.85,0.25,1,3,60,60,1,50,246
"244",1,50,0.15,0.9,0.1,5000,1000,0.1,40,60,1,0.85,0.25,1,3,60,60,1,50,247
"245",1,50,0.15,0.9,0.1,5000,1000,0.1,40,60,1,0.85,0.25,1,3,60,60,1,50,248
"246",1,50,0.15,0.9,0.1,5000,1000,0.1,40,60,1,0.85,0.25,1,3,60,60,1,50,249
"247",1,50,0.15,0.9,0.1,5000,1000,0.1,40,60,1,0.85,0.25,1,3,60,60,1,50,250
"248",1,50,0.15,0.9,0.1,5000,1000,0.1,40,60,1,0.85,0.25,1,3,60,60,1,50,251
"249",1,50,0.15,0.9,0.1,5000,1000,0.1,40,60,1,0.85,0.25,1,3,60,60,1,50,252
"250",1,50,0.15,0.9,0.1,5000,1000,0.1,40,60,1,0.85,0.25,1,3,60,60,1,50,253
"251",1,50,0.15,0.9,0.1,5000,1000,0.1,40,60,1,0.85,0.25,1,3,60,60,1,50,254
"252",1,50,0.15,0.9,0.1,5000,1000,0.1,40,60,1,0.85,0.25,1,3,60,60,1,50,255
"253",1,50,0.15,0.9,0.1,5000,1000,0.1,40,60,1,0.85,0.25,1,3,60,60,1,50,256
"254",1,50,0.15,0.9,0.1,5000,1000,0.1,40,60,1,0.85,0.25,1,3,60,60,1,50,257
"255",1,50,0.15,0.9,0.1,5000,1000,0.1,40,60,1,0.85,0.25,1,3,60,60,1,50,258
"256",1,50,0.15,0.9,0.1,5000,1000,0.1,40,60,1,0.85,0.25,1,3,60,60,1,50,259
"257",1,50,0.15,0.9,0.1,5000,1000,0.1,40,60,1,0.85,0.25,1,3,60,60,1,50,260
"258",1,50,0.15,0.9,0.1,5000,1000,0.1,40,60,1,0.85,0.25,1,3,60,60,1,50,261
"259",1,50,0.15,0.9,0.1,5000,1000,0.1,40,60,1,0.85,0.25,1,3,60,60,1,50,262
"260",1,50,0.15,0.9,0.1,5000,1000,0.1,40,60,1,0.85,0.25,1,3,60,60,1,50,263
"261",1,50,0.15,0.9,0.1,5000,1000,0.1,40,60,1,0.85,0.25,1,3,60,60,1,50,264
"262",1,50,0.15,0.9,0.1,5000,1000,0.1,40,60,1,0.85,0.25,1,3,60,60,1,50,265
"263",1,50,0.15,0.9,0.1,5000,1000,0.1,40,60,1,0.85,0.25,1,3,60,60,1,50,266
"264",1,50,0.15,0.9,0.1,5000,1000,0.1,40,60,1,0.85,0.25,1,3,60,60,1,50,267
"265",1,50,0.15,0.9,0.1,5000,1000,0.1,40,60,1,0.85,0.25,1,3,60,60,1,50,268
"266",1,50,0.15,0.9,0.1,5000,1000,0.1,40,60,1,0.85,0.25,1,3,60,60,1,50,269
"267",1,50,0.15,0.9,0.1,5000,1000,0.1,40,60,1,0.85,0.25,1,3,60,60,1,50,270
"268",1,50,0.15,0.9,0.1,5000,1000,0.1,40,60,1,0.85,0.25,1,3,60,60,1,50,271
"269",1,50,0.15,0.9,0.1,5000,1000,0.1,40,60,1,0.85,0.25,1,3,60,60,1,50,272
"270",1,50,0.15,0.9,0.1,5000,1000,0.1,40,60,1,0.85,0.25,1,3,60,60,1,50,273
"271",1,50,0.15,0.9,0.1,5000,1000,0.1,40,60,1,0.85,0.25,1,3,60,60,1,50,274
"272",1,50,0.15,0.9,0.1,5000,1000,0.1,40,60,1,0.85,0.25,1,3,60,60,1,50,275
"273",1,50,0.15,0.9,0.1,5000,1000,0.1,40,60,1,0.85,0.25,1,3,60,60,1,50,276
"274",1,50,0.15,0.9,0.1,5000,1000,0.1,40,60,1,0.85,0.25,1,3,60,60,1,50,277
"275",1,50,0.15,0.9,0.1,5000,1000,0.1,40,60,1,0.85,0.25,1,3,60,60,1,50,278
"276",1,50,0.15,0.9,0.1,5000,1000,0.1,40,60,1,0.85,0.25,1,3,60,60,1,50,279
"277",1,50,0.15,0.9,0.1,5000,1000,0.1,40,60,1,0.85,0.25,1,3,60,60,1,50,280
"278",1,50,0.15,0.9,0.1,5000,1000,0.1,40,60,1,0.85,0.25,1,3,60,60,1,50,281
"279",1,50,0.15,0.9,0.1,5000,1000,0.1,40,60,1,0.85,0.25,1,3,60,60,1,50,282
"280",1,50,0.15,0.9,0.1,5000,1000,0.1,40,60,1,0.85,0.25,1,3,60,60,1,50,283
"281",1,50,0.15,0.9,0.1,5000,1000,0.1,40,60,1,0.85,0.25,1,3,60,60,1,50,284
"282",1,50,0.15,0.9,0.1,5000,1000,0.1,40,60,1,0.85,0.25,1,3,60,60,1,50,285
"283",1,50,0.15,0.9,0.1,5000,1000,0.1,40,60,1,0.85,0.25,1,3,60,60,1,50,286
"284",1,50,0.15,0.9,0.1,5000,1000,0.1,40,60,1,0.85,0.25,1,3,60,60,1,50,287
"285",1,50,0.15,0.9,0.1,5000,1000,0.1,40,60,1,0.85,0.25,1,3,60,60,1,50,288
"286",1,50,0.15,0.9,0.1,5000,1000,0.1,40,60,1,0.85,0.25,1,3,60,60,1,50,289
"287",1,50,0.15,0.9,0.1,5000,1000,0.1,40,60,1,0.85,0.25,1,3,60,60,1,50,290
"288",1,50,0.15,0.9,0.1,5000,1000,0.1,40,60,1,0.85,0.25,1,3,60,60,1,50,291
"289",1,50,0.15,0.9,0.1,5000,1000,0.1,40,60,1,0.85,0.25,1,3,60,60,1,50,292
"290",1,50,0.15,0.9,0.1,5000,1000,0.1,40,60,1,0.85,0.25,1,3,60,60,1,50,293
"291",1,50,0.15,0.9,0.1,5000,1000,0.1,40,60,1,0.85,0.25,1,3,60,60,1,50,296
"292",1,50,0.15,0.9,0.1,5000,1000,0.1,40,60,1,0.85,0.25,1,3,60,60,1,50,297
"293",1,50,0.15,0.9,0.1,5000,1000,0.1,40,60,1,0.85,0.25,1,3,60,60,1,50,298
"294",1,50,0.15,0.9,0.1,5000,1000,0.1,40,60,1,0.85,0.25,1,3,60,60,1,50,301
"295",1,50,0.15,0.9,0.1,5000,1000,0.1,40,60,1,0.85,0.25,1,3,60,60,1,50,302
"296",1,50,0.15,0.9,0.1,5000,1000,0.1,40,60,1,0.85,0.25,1,3,60,60,1,50,303
"297",1,50,0.15,0.9,0.1,5000,1000,0.1,40,60,1,0.85,0.25,1,3,60,60,1,50,304
"298",1,50,0.15,0.9,0.1,5000,1000,0.1,40,60,1,0.85,0.25,1,3,60,60,1,50,305
"299",1,50,0.15,0.9,0.1,5000,1000,0.1,40,60,1,0.85,0.25,1,3,60,60,1,50,306
"300",1,50,0.15,0.9,0.1,5000,1000,0.1,40,60,1,0.85,0.25,1,3,60,60,1,50,307
"301",1,50,0.15,0.9,0.1,5000,1000,0.1,40,60,1,0.85,0.25,1,3,60,60,1,50,308
"302",1,50,0.15,0.9,0.1,5000,1000,0.1,40,60,1,0.85,0.25,1,3,60,60,1,50,309
"303",1,50,0.15,0.9,0.1,5000,1000,0.1,40,60,1,0.85,0.25,1,3,60,60,1,50,310
"304",1,50,0.15,0.9,0.1,5000,1000,0.1,40,60,1,0.85,0.25,1,3,60,60,1,50,311
"305",1,50,0.15,0.9,0.1,5000,1000,0.1,40,60,1,0.85,0.25,1,3,60,60,1,50,312
"306",1,50,0.15,0.9,0.1,5000,1000,0.1,40,60,1,0.85,0.25,1,3,60,60,1,50,313
"307",1,50,0.15,0.9,0.1,5000,1000,0.1,40,60,1,0.85,0.25,1,3,60,60,1,50,314
"308",1,50,0.15,0.9,0.1,5000,1000,0.1,40,60,1,0.85,0.25,1,3,60,60,1,50,315
"309",1,50,0.15,0.9,0.1,5000,1000,0.1,40,60,1,0.85,0.25,1,3,60,60,1,50,316
"310",1,50,0.15,0.9,0.1,5000,1000,0.1,40,60,1,0.85,0.25,1,3,60,60,1,50,317
"311",1,50,0.15,0.9,0.1,5000,1000,0.1,40,60,1,0.85,0.25,1,3,60,60,1,50,318
"312",1,50,0.15,0.9,0.1,5000,1000,0.1,40,60,1,0.85,0.25,1,3,60,60,1,50,319
"313",1,50,0.15,0.9,0.1,5000,1000,0.1,40,60,1,0.85,0.25,1,3,60,60,1,50,320
"314",1,50,0.15,0.9,0.1,5000,1000,0.1,40,60,1,0.85,0.25,1,3,60,60,1,50,321
"315",1,50,0.15,0.9,0.1,5000,1000,0.1,40,60,1,0.85,0.25,1,3,60,60,1,50,322
"316",1,50,0.15,0.9,0.1,5000,1000,0.1,40,60,1,0.85,0.25,1,3,60,60,1,50,323
"317",1,50,0.15,0.9,0.1,5000,1000,0.1,40,60,1,0.85,0.25,1,3,60,60,1,50,324
"318",1,50,0.15,0.9,0.1,5000,1000,0.1,40,60,1,0.85,0.25,1,3,60,60,1,50,325
"319",1,50,0.15,0.9,0.1,5000,1000,0.1,40,60,1,0.85,0.25,1,3,60,60,1,50,326
"320",1,50,0.15,0.9,0.1,5000,1000,0.1,40,60,1,0.85,0.25,1,3,60,60,1,50,327
"321",1,50,0.15,0.9,0.1,5000,1000,0.1,40,60,1,0.85,0.25,1,3,60,60,1,50,328
"322",1,50,0.15,0.9,0.1,5000,1000,0.1,40,60,1,0.85,0.25,1,3,60,60,1,50,329
"323",1,50,0.15,0.9,0.1,5000,1000,0.1,40,60,1,0.85,0.25,1,3,60,60,1,50,330
"324",1,50,0.15,0.9,0.1,5000,1000,0.1,40,60,1,0.85,0.25,1,3,60,60,1,50,331
"325",1,50,0.15,0.9,0.1,5000,1000,0.1,40,60,1,0.85,0.25,1,3,60,60,1,50,332
"326",1,50,0.15,0.9,0.1,5000,1000,0.1,40,60,1,0.85,0.25,1,3,60,60,1,50,333
"327",1,50,0.15,0.9,0.1,5000,1000,0.1,40,60,1,0.85,0.25,1,3,60,60,1,50,334
"328",1,50,0.15,0.9,0.1,5000,1000,0.1,40,60,1,0.85,0.25,1,3,60,60,1,50,357
"329",1,50,0.15,0.9,0.1,5000,1000,0.1,40,60,1,0.85,0.25,1,3,60,60,1,50,358
"330",1,50,0.15,0.9,0.1,5000,1000,0.1,40,60,1,0.85,0.25,1,3,60,60,1,50,359
"331",1,50,0.15,0.9,0.1,5000,1000,0.1,40,60,1,0.85,0.25,1,3,60,60,1,50,360
"332",1,50,0.15,0.9,0.1,5000,1000,0.1,40,60,1,0.85,0.25,1,3,60,60,1,50,361
"333",1,50,0.15,0.9,0.1,5000,1000,0.1,40,60,1,0.85,0.25,1,3,60,60,1,50,362
"334",1,50,0.15,0.9,0.1,5000,1000,0.1,40,60,1,0.85,0.25,1,3,60,60,1,50,363
"335",1,50,0.15,0.9,0.1,5000,1000,0.1,40,60,1,0.85,0.25,1,3,60,60,1,50,364
"336",1,50,0.15,0.9,0.1,5000,1000,0.1,40,60,1,0.85,0.25,1,3,60,60,1,50,365
"337",1,50,0.15,0.9,0.1,5000,1000,0.1,40,60,1,0.85,0.25,1,3,60,60,1,50,366
"338",1,50,0.15,0.9,0.1,5000,1000,0.1,40,60,1,0.85,0.25,1,3,60,60,1,50,367
"339",1,50,0.15,0.9,0.1,5000,1000,0.1,40,60,1,0.85,0.25,1,3,60,60,1,50,368
"340",1,50,0.15,0.9,0.1,5000,1000,0.1,40,60,1,0.85,0.25,1,3,60,60,1,50,369
"341",1,50,0.15,0.9,0.1,5000,1000,0.1,40,60,1,0.85,0.25,1,3,60,60,1,50,370
"342",1,50,0.15,0.9,0.1,5000,1000,0.1,40,60,1,0.85,0.25,1,3,60,60,1,50,371
"343",1,50,0.15,0.9,0.1,5000,1000,0.1,40,60,1,0.85,0.25,1,3,60,60,1,50,372
"344",1,50,0.15,0.9,0.1,5000,1000,0.1,40,60,1,0.85,0.25,1,3,60,60,1,50,373
"345",1,50,0.15,0.9,0.1,5000,1000,0.1,40,60,1,0.85,0.25,1,3,60,60,1,50,374
"346",1,50,0.15,0.9,0.1,5000,1000,0.1,40,60,1,0.85,0.25,1,3,60,60,1,50,377
"347",1,50,0.15,0.9,0.1,5000,1000,0.1,40,60,1,0.85,0.25,1,3,60,60,1,50,378
"348",1,50,0.15,0.9,0.1,5000,1000,0.1,40,60,1,0.85,0.25,1,3,60,60,1,50,379
"349",1,50,0.15,0.9,0.1,5000,1000,0.1,40,60,1,0.85,0.25,1,3,60,60,1,50,380
"350",1,50,0.15,0.9,0.1,5000,1000,0.1,40,60,1,0.85,0.25,1,3,60,60,1,50,407
"351",1,50,0.15,0.9,0.1,5000,1000,0.1,40,60,1,0.85,0.25,1,3,60,60,1,50,408
"352",1,50,0.15,0.9,0.1,5000,1000,0.1,40,60,1,0.85,0.25,1,3,60,60,1,50,409
"353",1,50,0.15,0.9,0.1,5000,1000,0.1,40,60,1,0.85,0.25,1,3,60,60,1,50,410
"354",1,50,0.15,0.9,0.1,5000,1000,0.1,40,60,1,0.85,0.25,1,3,60,60,1,50,411
"355",1,50,0.15,0.9,0.1,5000,1000,0.1,40,60,1,0.85,0.25,1,3,60,60,1,50,412
"356",1,50,0.15,0.9,0.1,5000,1000,0.1,40,60,1,0.85,0.25,1,3,60,60,1,50,413
"357",1,50,0.15,0.9,0.1,5000,1000,0.1,40,60,1,0.85,0.25,1,3,60,60,1,50,414
"358",1,50,0.15,0.9,0.1,5000,1000,0.1,40,60,1,0.85,0.25,1,3,60,60,1,50,415
"359",1,50,0.15,0.9,0.1,5000,1000,0.1,40,60,1,0.85,0.25,1,3,60,60,1,50,416
"360",1,50,0.15,0.9,0.1,5000,1000,0.1,40,60,1,0.85,0.25,1,3,60,60,1,50,417
"361",1,50,0.15,0.9,0.1,5000,1000,0.1,40,60,1,0.85,0.25,1,3,60,60,1,50,418
"362",1,50,0.15,0.9,0.1,5000,1000,0.1,40,60,1,0.85,0.25,1,3,60,60,1,50,419
"363",1,50,0.15,0.9,0.1,5000,1000,0.1,40,60,1,0.85,0.25,1,3,60,60,1,50,420
"364",1,50,0.15,0.9,0.1,5000,1000,0.1,40,60,1,0.85,0.25,1,3,60,60,1,50,421
"365",1,50,0.15,0.9,0.1,5000,1000,0.1,40,60,1,0.85,0.25,1,3,60,60,1,50,422
"366",1,50,0.15,0.9,0.1,5000,1000,0.1,40,60,1,0.85,0.25,1,3,60,60,1,50,458
"367",1,50,0.15,0.9,0.1,5000,1000,0.1,40,60,1,0.85,0.25,1,3,60,60,1,50,459
"368",1,50,0.15,0.9,0.1,5000,1000,0.1,40,60,1,0.85,0.25,1,3,60,60,1,50,460
"369",1,50,0.15,0.9,0.1,5000,1000,0.1,40,60,1,0.85,0.25,1,3,60,60,1,50,461
"370",1,50,0.15,0.9,0.1,5000,1000,0.1,40,60,1,0.85,0.25,1,3,60,60,1,50,462
"371",1,50,0.15,0.9,0.1,5000,1000,0.1,40,60,1,0.85,0.25,1,3,60,60,1,50,463
"372",1,50,0.15,0.9,0.1,5000,1000,0.1,40,60,1,0.85,0.25,1,3,60,60,1,50,464
"373",1,50,0.15,0.9,0.1,5000,1000,0.1,40,60,1,0.85,0.25,1,3,60,60,1,50,465
"374",1,50,0.15,0.9,0.1,5000,1000,0.1,40,60,1,0.85,0.25,1,3,60,60,1,50,466
"375",1,50,0.15,0.9,0.1,5000,1000,0.1,40,60,1,0.85,0.25,1,3,60,60,1,50,467
"376",1,50,0.15,0.9,0.1,5000,1000,0.1,40,60,1,0.85,0.25,1,3,60,60,1,50,511
"377",2,50,0.15,0.9,0.9,5000,1000,0.1,40,60,156,0.85,0.25,1,3,60,60,1,50,20
"378",2,50,0.15,0.9,0.9,5000,1000,0.1,40,60,156,0.85,0.25,1,3,60,60,1,50,21
"379",2,50,0.15,0.9,0.9,5000,1000,0.1,40,60,156,0.85,0.25,1,3,60,60,1,50,25
"380",2,50,0.15,0.9,0.9,5000,1000,0.1,40,60,156,0.85,0.25,1,3,60,60,1,50,31
"381",2,50,0.15,0.9,0.9,5000,1000,0.1,40,60,156,0.85,0.25,1,3,60,60,1,50,47
"382",2,50,0.15,0.9,0.9,5000,1000,0.1,40,60,156,0.85,0.25,1,3,60,60,1,50,75
"383",2,50,0.15,0.9,0.9,5000,1000,0.1,40,60,156,0.85,0.25,1,3,60,60,1,50,83
"384",2,50,0.15,0.9,0.9,5000,1000,0.1,40,60,156,0.85,0.25,1,3,60,60,1,50,90
"385",2,50,0.15,0.9,0.9,5000,1000,0.1,40,60,156,0.85,0.25,1,3,60,60,1,50,93
"386",2,50,0.15,0.9,0.9,5000,1000,0.1,40,60,156,0.85,0.25,1,3,60,60,1,50,121
"387",2,50,0.15,0.9,0.9,5000,1000,0.1,40,60,156,0.85,0.25,1,3,60,60,1,50,124
"388",2,50,0.15,0.9,0.9,5000,1000,0.1,40,60,156,0.85,0.25,1,3,60,60,1,50,126
"389",2,50,0.15,0.9,0.9,5000,1000,0.1,40,60,156,0.85,0.25,1,3,60,60,1,50,170
"390",2,50,0.15,0.9,0.9,5000,1000,0.1,40,60,156,0.85,0.25,1,3,60,60,1,50,171
"391",2,50,0.15,0.9,0.9,5000,1000,0.1,40,60,156,0.85,0.25,1,3,60,60,1,50,172
"392",2,50,0.15,0.9,0.9,5000,1000,0.1,40,60,156,0.85,0.25,1,3,60,60,1,50,175
"393",2,50,0.15,0.9,0.9,5000,1000,0.1,40,60,156,0.85,0.25,1,3,60,60,1,50,176
"394",2,50,0.15,0.9,0.9,5000,1000,0.1,40,60,156,0.85,0.25,1,3,60,60,1,50,177
"395",2,50,0.15,0.9,0.9,5000,1000,0.1,40,60,156,0.85,0.25,1,3,60,60,1,50,191
"396",2,50,0.15,0.9,0.9,5000,1000,0.1,40,60,156,0.85,0.25,1,3,60,60,1,50,193
"397",2,50,0.15,0.9,0.9,5000,1000,0.1,40,60,156,0.85,0.25,1,3,60,60,1,50,200
"398",2,50,0.15,0.9,0.9,5000,1000,0.1,40,60,156,0.85,0.25,1,3,60,60,1,50,223
"399",2,50,0.15,0.9,0.9,5000,1000,0.1,40,60,156,0.85,0.25,1,3,60,60,1,50,224
"400",2,50,0.15,0.9,0.9,5000,1000,0.1,40,60,156,0.85,0.25,1,3,60,60,1,50,230
"401",2,50,0.15,0.9,0.9,5000,1000,0.1,40,60,156,0.85,0.25,1,3,60,60,1,50,232
"402",2,50,0.15,0.9,0.9,5000,1000,0.1,40,60,156,0.85,0.25,1,3,60,60,1,50,239
"403",2,50,0.15,0.9,0.9,5000,1000,0.1,40,60,156,0.85,0.25,1,3,60,60,1,50,243
"404",2,50,0.15,0.9,0.9,5000,1000,0.1,40,60,156,0.85,0.25,1,3,60,60,1,50,245
"405",2,50,0.15,0.9,0.9,5000,1000,0.1,40,60,156,0.85,0.25,1,3,60,60,1,50,274
"406",2,50,0.15,0.9,0.9,5000,1000,0.1,40,60,156,0.85,0.25,1,3,60,60,1,50,275
"407",2,50,0.15,0.9,0.9,5000,1000,0.1,40,60,156,0.85,0.25,1,3,60,60,1,50,291
"408",2,50,0.15,0.9,0.9,5000,1000,0.1,40,60,156,0.85,0.25,1,3,60,60,1,50,323
"409",2,50,0.15,0.9,0.9,5000,1000,0.1,40,60,156,0.85,0.25,1,3,60,60,1,50,328
"410",2,50,0.15,0.9,0.9,5000,1000,0.1,40,60,156,0.85,0.25,1,3,60,60,1,50,372
"411",2,50,0.15,0.9,0.9,5000,1000,0.1,40,60,156,0.85,0.25,1,3,60,60,1,50,373
"412",2,50,0.15,0.9,0.9,5000,1000,0.1,40,60,156,0.85,0.25,1,3,60,60,1,50,376
"413",2,50,0.15,0.9,0.9,5000,1000,0.1,40,60,156,0.85,0.25,1,3,60,60,1,50,378
"414",2,50,0.15,0.9,0.9,5000,1000,0.1,40,60,156,0.85,0.25,1,3,60,60,1,50,391
"415",2,50,0.15,0.9,0.9,5000,1000,0.1,40,60,156,0.85,0.25,1,3,60,60,1,50,412
"416",2,50,0.15,0.9,0.9,5000,1000,0.1,40,60,156,0.85,0.25,1,3,60,60,1,50,413
"417",2,50,0.15,0.9,0.9,5000,1000,0.1,40,60,156,0.85,0.25,1,3,60,60,1,50,429
"418",2,50,0.15,0.9,0.9,5000,1000,0.1,40,60,156,0.85,0.25,1,3,60,60,1,50,431
"419",2,50,0.15,0.9,0.9,5000,1000,0.1,40,60,156,0.85,0.25,1,3,60,60,1,50,459
"420",2,50,0.15,0.9,0.9,5000,1000,0.1,40,60,156,0.85,0.25,1,3,60,60,1,50,462
"421",2,50,0.15,0.9,0.9,5000,1000,0.1,40,60,156,0.85,0.25,1,3,60,60,1,50,466
"422",2,50,0.15,0.9,0.9,5000,1000,0.1,40,60,156,0.85,0.25,1,3,60,60,1,50,510
"423",2,50,0.15,0.9,0.9,5000,1000,0.1,40,60,156,0.85,0.25,1,3,60,60,1,50,511
"424",2,50,0.15,0.9,0.9,5000,1000,0.1,40,60,156,0.85,0.25,1,3,60,60,1,50,526
"425",2,50,0.15,0.9,0.9,5000,1000,0.1,40,60,156,0.85,0.25,1,3,60,60,1,50,560
"426",2,50,0.15,0.9,0.9,5000,1000,0.1,40,60,156,0.85,0.25,1,3,60,60,1,50,561
"427",2,50,0.15,0.9,0.9,5000,1000,0.1,40,60,156,0.85,0.25,1,3,60,60,1,50,567
"428",2,50,0.15,0.9,0.9,5000,1000,0.1,40,60,156,0.85,0.25,1,3,60,60,1,50,571
"429",2,50,0.15,0.9,0.9,5000,1000,0.1,40,60,156,0.85,0.25,1,3,60,60,1,50,573
"430",2,50,0.15,0.9,0.9,5000,1000,0.1,40,60,156,0.85,0.25,1,3,60,60,1,50,584
"431",2,50,0.15,0.9,0.9,5000,1000,0.1,40,60,156,0.85,0.25,1,3,60,60,1,50,609
"432",2,50,0.15,0.9,0.9,5000,1000,0.1,40,60,156,0.85,0.25,1,3,60,60,1,50,616
"433",2,50,0.15,0.9,0.9,5000,1000,0.1,40,60,156,0.85,0.25,1,3,60,60,1,50,620
"434",2,50,0.15,0.9,0.9,5000,1000,0.1,40,60,156,0.85,0.25,1,3,60,60,1,50,623
"435",2,50,0.15,0.9,0.9,5000,1000,0.1,40,60,156,0.85,0.25,1,3,60,60,1,50,665
"436",2,50,0.15,0.9,0.9,5000,1000,0.1,40,60,156,0.85,0.25,1,3,60,60,1,50,684
"437",2,50,0.15,0.9,0.9,5000,1000,0.1,40,60,156,0.85,0.25,1,3,60,60,1,50,713
"438",2,50,0.15,0.9,0.9,5000,1000,0.1,40,60,156,0.85,0.25,1,3,60,60,1,50,714
"439",2,50,0.15,0.9,0.9,5000,1000,0.1,40,60,156,0.85,0.25,1,3,60,60,1,50,716
"440",2,50,0.15,0.9,0.9,5000,1000,0.1,40,60,156,0.85,0.25,1,3,60,60,1,50,719
"441",2,50,0.15,0.9,0.9,5000,1000,0.1,40,60,156,0.85,0.25,1,3,60,60,1,50,725
"442",2,50,0.15,0.9,0.9,5000,1000,0.1,40,60,156,0.85,0.25,1,3,60,60,1,50,759
"443",2,50,0.15,0.9,0.9,5000,1000,0.1,40,60,156,0.85,0.25,1,3,60,60,1,50,761
"444",2,50,0.15,0.9,0.9,5000,1000,0.1,40,60,156,0.85,0.25,1,3,60,60,1,50,762
"445",2,50,0.15,0.9,0.9,5000,1000,0.1,40,60,156,0.85,0.25,1,3,60,60,1,50,763
"446",2,50,0.15,0.9,0.9,5000,1000,0.1,40,60,156,0.85,0.25,1,3,60,60,1,50,766
"447",2,50,0.15,0.9,0.9,5000,1000,0.1,40,60,156,0.85,0.25,1,3,60,60,1,50,769
"448",2,50,0.15,0.9,0.9,5000,1000,0.1,40,60,156,0.85,0.25,1,3,60,60,1,50,771
"449",2,50,0.15,0.9,0.9,5000,1000,0.1,40,60,156,0.85,0.25,1,3,60,60,1,50,791
"450",2,50,0.15,0.9,0.9,5000,1000,0.1,40,60,156,0.85,0.25,1,3,60,60,1,50,806
"451",2,50,0.15,0.9,0.9,5000,1000,0.1,40,60,156,0.85,0.25,1,3,60,60,1,50,810
"452",2,50,0.15,0.9,0.9,5000,1000,0.1,40,60,156,0.85,0.25,1,3,60,60,1,50,811
"453",2,50,0.15,0.9,0.9,5000,1000,0.1,40,60,156,0.85,0.25,1,3,60,60,1,50,812
"454",2,50,0.15,0.9,0.9,5000,1000,0.1,40,60,156,0.85,0.25,1,3,60,60,1,50,814
"455",2,50,0.15,0.9,0.9,5000,1000,0.1,40,60,156,0.85,0.25,1,3,60,60,1,50,815
"456",2,50,0.15,0.9,0.9,5000,1000,0.1,40,60,156,0.85,0.25,1,3,60,60,1,50,816
"457",2,50,0.15,0.9,0.9,5000,1000,0.1,40,60,156,0.85,0.25,1,3,60,60,1,50,818
"458",2,50,0.15,0.9,0.9,5000,1000,0.1,40,60,156,0.85,0.25,1,3,60,60,1,50,819
"459",2,50,0.15,0.9,0.9,5000,1000,0.1,40,60,156,0.85,0.25,1,3,60,60,1,50,823
"460",2,50,0.15,0.9,0.9,5000,1000,0.1,40,60,156,0.85,0.25,1,3,60,60,1,50,825
"461",2,50,0.15,0.9,0.9,5000,1000,0.1,40,60,156,0.85,0.25,1,3,60,60,1,50,827
"462",2,50,0.15,0.9,0.9,5000,1000,0.1,40,60,156,0.85,0.25,1,3,60,60,1,50,859
"463",2,50,0.15,0.9,0.9,5000,1000,0.1,40,60,156,0.85,0.25,1,3,60,60,1,50,868
"464",2,50,0.15,0.9,0.9,5000,1000,0.1,40,60,156,0.85,0.25,1,3,60,60,1,50,869
"465",2,50,0.15,0.9,0.9,5000,1000,0.1,40,60,156,0.85,0.25,1,3,60,60,1,50,870
"466",2,50,0.15,0.9,0.9,5000,1000,0.1,40,60,156,0.85,0.25,1,3,60,60,1,50,872
"467",2,50,0.15,0.9,0.9,5000,1000,0.1,40,60,156,0.85,0.25,1,3,60,60,1,50,885
"468",2,50,0.15,0.9,0.9,5000,1000,0.1,40,60,156,0.85,0.25,1,3,60,60,1,50,910
"469",2,50,0.15,0.9,0.9,5000,1000,0.1,40,60,156,0.85,0.25,1,3,60,60,1,50,918
"470",2,50,0.15,0.9,0.9,5000,1000,0.1,40,60,156,0.85,0.25,1,3,60,60,1,50,922
"471",2,50,0.15,0.9,0.9,5000,1000,0.1,40,60,156,0.85,0.25,1,3,60,60,1,50,928
"472",2,50,0.15,0.9,0.9,5000,1000,0.1,40,60,156,0.85,0.25,1,3,60,60,1,50,930
"473",2,50,0.15,0.9,0.9,5000,1000,0.1,40,60,156,0.85,0.25,1,3,60,60,1,50,956
"474",2,50,0.15,0.9,0.9,5000,1000,0.1,40,60,156,0.85,0.25,1,3,60,60,1,50,957
"475",2,50,0.15,0.9,0.9,5000,1000,0.1,40,60,156,0.85,0.25,1,3,60,60,1,50,963
"476",2,50,0.15,0.9,0.9,5000,1000,0.1,40,60,156,0.85,0.25,1,3,60,60,1,50,967
"477",2,50,0.15,0.9,0.9,5000,1000,0.1,40,60,156,0.85,0.25,1,3,60,60,1,50,971
"478",2,50,0.15,0.9,0.9,5000,1000,0.1,40,60,156,0.85,0.25,1,3,60,60,1,50,979
"479",2,50,0.15,0.9,0.9,5000,1000,0.1,40,60,156,0.85,0.25,1,3,60,60,1,50,980
"480",2,50,0.15,0.9,0.9,5000,1000,0.1,40,60,156,0.85,0.25,1,3,60,60,1,50,1006
"481",2,50,0.15,0.9,0.9,5000,1000,0.1,40,60,156,0.85,0.25,1,3,60,60,1,50,1007
"482",2,50,0.15,0.9,0.9,5000,1000,0.1,40,60,156,0.85,0.25,1,3,60,60,1,50,1011
"483",2,50,0.15,0.9,0.9,5000,1000,0.1,40,60,156,0.85,0.25,1,3,60,60,1,50,1057
"484",2,50,0.15,0.9,0.9,5000,1000,0.1,40,60,156,0.85,0.25,1,3,60,60,1,50,1067
"485",2,50,0.15,0.9,0.9,5000,1000,0.1,40,60,156,0.85,0.25,1,3,60,60,1,50,1069
"486",2,50,0.15,0.9,0.9,5000,1000,0.1,40,60,156,0.85,0.25,1,3,60,60,1,50,1112
"487",2,50,0.15,0.9,0.9,5000,1000,0.1,40,60,156,0.85,0.25,1,3,60,60,1,50,1154
"488",2,50,0.15,0.9,0.9,5000,1000,0.1,40,60,156,0.85,0.25,1,3,60,60,1,50,1174
"489",2,50,0.15,0.9,0.9,5000,1000,0.1,40,60,156,0.85,0.25,1,3,60,60,1,50,1176
"490",2,50,0.15,0.9,0.9,5000,1000,0.1,40,60,156,0.85,0.25,1,3,60,60,1,50,1211
"491",2,50,0.15,0.9,0.9,5000,1000,0.1,40,60,156,0.85,0.25,1,3,60,60,1,50,1221
"492",2,50,0.15,0.9,0.9,5000,1000,0.1,40,60,156,0.85,0.25,1,3,60,60,1,50,1224
"493",2,50,0.15,0.9,0.9,5000,1000,0.1,40,60,156,0.85,0.25,1,3,60,60,1,50,1267
"494",2,50,0.15,0.9,0.9,5000,1000,0.1,40,60,156,0.85,0.25,1,3,60,60,1,50,1271
"495",2,50,0.15,0.9,0.9,5000,1000,0.1,40,60,156,0.85,0.25,1,3,60,60,1,50,1275
"496",2,50,0.15,0.9,0.9,5000,1000,0.1,40,60,156,0.85,0.25,1,3,60,60,1,50,1277
"497",2,50,0.15,0.9,0.9,5000,1000,0.1,40,60,156,0.85,0.25,1,3,60,60,1,50,1314
"498",2,50,0.15,0.9,0.9,5000,1000,0.1,40,60,156,0.85,0.25,1,3,60,60,1,50,1317
"499",2,50,0.15,0.9,0.9,5000,1000,0.1,40,60,156,0.85,0.25,1,3,60,60,1,50,1321
"500",2,50,0.15,0.9,0.9,5000,1000,0.1,40,60,156,0.85,0.25,1,3,60,60,1,50,1322
"501",2,50,0.15,0.9,0.9,5000,1000,0.1,40,60,156,0.85,0.25,1,3,60,60,1,50,1364
"502",2,50,0.15,0.9,0.9,5000,1000,0.1,40,60,156,0.85,0.25,1,3,60,60,1,50,1368
"503",2,50,0.15,0.9,0.9,5000,1000,0.1,40,60,156,0.85,0.25,1,3,60,60,1,50,1370
"504",2,50,0.15,0.9,0.9,5000,1000,0.1,40,60,156,0.85,0.25,1,3,60,60,1,50,1371
"505",2,50,0.15,0.9,0.9,5000,1000,0.1,40,60,156,0.85,0.25,1,3,60,60,1,50,1398
"506",2,50,0.15,0.9,0.9,5000,1000,0.1,40,60,156,0.85,0.25,1,3,60,60,1,50,1411
"507",2,50,0.15,0.9,0.9,5000,1000,0.1,40,60,156,0.85,0.25,1,3,60,60,1,50,1412
"508",2,50,0.15,0.9,0.9,5000,1000,0.1,40,60,156,0.85,0.25,1,3,60,60,1,50,1443
"509",2,50,0.15,0.9,0.9,5000,1000,0.1,40,60,156,0.85,0.25,1,3,60,60,1,50,1445
"510",2,50,0.15,0.9,0.9,5000,1000,0.1,40,60,156,0.85,0.25,1,3,60,60,1,50,1448
"511",2,50,0.15,0.9,0.9,5000,1000,0.1,40,60,156,0.85,0.25,1,3,60,60,1,50,1461
"512",2,50,0.15,0.9,0.9,5000,1000,0.1,40,60,156,0.85,0.25,1,3,60,60,1,50,1462
"513",2,50,0.15,0.9,0.9,5000,1000,0.1,40,60,156,0.85,0.25,1,3,60,60,1,50,1491
"514",2,50,0.15,0.9,0.9,5000,1000,0.1,40,60,156,0.85,0.25,1,3,60,60,1,50,1502
"515",2,50,0.15,0.9,0.9,5000,1000,0.1,40,60,156,0.85,0.25,1,3,60,60,1,50,1512
"516",2,50,0.15,0.9,0.9,5000,1000,0.1,40,60,156,0.85,0.25,1,3,60,60,1,50,1513
"517",2,50,0.15,0.9,0.9,5000,1000,0.1,40,60,156,0.85,0.25,1,3,60,60,1,50,1514
"518",2,50,0.15,0.9,0.9,5000,1000,0.1,40,60,156,0.85,0.25,1,3,60,60,1,50,1518
"519",2,50,0.15,0.9,0.9,5000,1000,0.1,40,60,156,0.85,0.25,1,3,60,60,1,50,1534
"520",2,50,0.15,0.9,0.9,5000,1000,0.1,40,60,156,0.85,0.25,1,3,60,60,1,50,1536
"521",2,50,0.15,0.9,0.9,5000,1000,0.1,40,60,156,0.85,0.25,1,3,60,60,1,50,1546
"522",2,50,0.15,0.9,0.9,5000,1000,0.1,40,60,156,0.85,0.25,1,3,60,60,1,50,1551
"523",2,50,0.15,0.9,0.9,5000,1000,0.1,40,60,156,0.85,0.25,1,3,60,60,1,50,1553
"524",2,50,0.15,0.9,0.9,5000,1000,0.1,40,60,156,0.85,0.25,1,3,60,60,1,50,1562
"525",2,50,0.15,0.9,0.9,5000,1000,0.1,40,60,156,0.85,0.25,1,3,60,60,1,50,1584
"526",2,50,0.15,0.9,0.9,5000,1000,0.1,40,60,156,0.85,0.25,1,3,60,60,1,50,1585
"527",2,50,0.15,0.9,0.9,5000,1000,0.1,40,60,156,0.85,0.25,1,3,60,60,1,50,1588
"528",2,50,0.15,0.9,0.9,5000,1000,0.1,40,60,156,0.85,0.25,1,3,60,60,1,50,1596
"529",2,50,0.15,0.9,0.9,5000,1000,0.1,40,60,156,0.85,0.25,1,3,60,60,1,50,1602
"530",2,50,0.15,0.9,0.9,5000,1000,0.1,40,60,156,0.85,0.25,1,3,60,60,1,50,1603
"531",2,50,0.15,0.9,0.9,5000,1000,0.1,40,60,156,0.85,0.25,1,3,60,60,1,50,1604
"532",2,50,0.15,0.9,0.9,5000,1000,0.1,40,60,156,0.85,0.25,1,3,60,60,1,50,1605
"533",2,50,0.15,0.9,0.9,5000,1000,0.1,40,60,156,0.85,0.25,1,3,60,60,1,50,1606
"534",2,50,0.15,0.9,0.9,5000,1000,0.1,40,60,156,0.85,0.25,1,3,60,60,1,50,1608
"535",2,50,0.15,0.9,0.9,5000,1000,0.1,40,60,156,0.85,0.25,1,3,60,60,1,50,1609
"536",2,50,0.15,0.9,0.9,5000,1000,0.1,40,60,156,0.85,0.25,1,3,60,60,1,50,1612
"537",2,50,0.15,0.9,0.9,5000,1000,0.1,40,60,156,0.85,0.25,1,3,60,60,1,50,1615
"538",2,50,0.15,0.9,0.9,5000,1000,0.1,40,60,156,0.85,0.25,1,3,60,60,1,50,1617
"539",2,50,0.15,0.9,0.9,5000,1000,0.1,40,60,156,0.85,0.25,1,3,60,60,1,50,1633
"540",2,50,0.15,0.9,0.9,5000,1000,0.1,40,60,156,0.85,0.25,1,3,60,60,1,50,1634
"541",2,50,0.15,0.9,0.9,5000,1000,0.1,40,60,156,0.85,0.25,1,3,60,60,1,50,1635
"542",2,50,0.15,0.9,0.9,5000,1000,0.1,40,60,156,0.85,0.25,1,3,60,60,1,50,1636
"543",2,50,0.15,0.9,0.9,5000,1000,0.1,40,60,156,0.85,0.25,1,3,60,60,1,50,1648
"544",2,50,0.15,0.9,0.9,5000,1000,0.1,40,60,156,0.85,0.25,1,3,60,60,1,50,1650
"545",2,50,0.15,0.9,0.9,5000,1000,0.1,40,60,156,0.85,0.25,1,3,60,60,1,50,1651
"546",2,50,0.15,0.9,0.9,5000,1000,0.1,40,60,156,0.85,0.25,1,3,60,60,1,50,1656
"547",2,50,0.15,0.9,0.9,5000,1000,0.1,40,60,156,0.85,0.25,1,3,60,60,1,50,1660
"548",2,50,0.15,0.9,0.9,5000,1000,0.1,40,60,156,0.85,0.25,1,3,60,60,1,50,1664
"549",2,50,0.15,0.9,0.9,5000,1000,0.1,40,60,156,0.85,0.25,1,3,60,60,1,50,1666
"550",2,50,0.15,0.9,0.9,5000,1000,0.1,40,60,156,0.85,0.25,1,3,60,60,1,50,1684
"551",2,50,0.15,0.9,0.9,5000,1000,0.1,40,60,156,0.85,0.25,1,3,60,60,1,50,1685
"552",2,50,0.15,0.9,0.9,5000,1000,0.1,40,60,156,0.85,0.25,1,3,60,60,1,50,1687
"553",2,50,0.15,0.9,0.9,5000,1000,0.1,40,60,156,0.85,0.25,1,3,60,60,1,50,1689
"554",2,50,0.15,0.9,0.9,5000,1000,0.1,40,60,156,0.85,0.25,1,3,60,60,1,50,1690
"555",2,50,0.15,0.9,0.9,5000,1000,0.1,40,60,156,0.85,0.25,1,3,60,60,1,50,1696
"556",2,50,0.15,0.9,0.9,5000,1000,0.1,40,60,156,0.85,0.25,1,3,60,60,1,50,1702
"557",2,50,0.15,0.9,0.9,5000,1000,0.1,40,60,156,0.85,0.25,1,3,60,60,1,50,1713
"558",2,50,0.15,0.9,0.9,5000,1000,0.1,40,60,156,0.85,0.25,1,3,60,60,1,50,1714
"559",2,50,0.15,0.9,0.9,5000,1000,0.1,40,60,156,0.85,0.25,1,3,60,60,1,50,1716
"560",2,50,0.15,0.9,0.9,5000,1000,0.1,40,60,156,0.85,0.25,1,3,60,60,1,50,1727
"561",2,50,0.15,0.9,0.9,5000,1000,0.1,40,60,156,0.85,0.25,1,3,60,60,1,50,1733
"562",2,50,0.15,0.9,0.9,5000,1000,0.1,40,60,156,0.85,0.25,1,3,60,60,1,50,1736
"563",2,50,0.15,0.9,0.9,5000,1000,0.1,40,60,156,0.85,0.25,1,3,60,60,1,50,1737
"564",2,50,0.15,0.9,0.9,5000,1000,0.1,40,60,156,0.85,0.25,1,3,60,60,1,50,1739
"565",2,50,0.15,0.9,0.9,5000,1000,0.1,40,60,156,0.85,0.25,1,3,60,60,1,50,1740
"566",2,50,0.15,0.9,0.9,5000,1000,0.1,40,60,156,0.85,0.25,1,3,60,60,1,50,1751
"567",2,50,0.15,0.9,0.9,5000,1000,0.1,40,60,156,0.85,0.25,1,3,60,60,1,50,1761
"568",2,50,0.15,0.9,0.9,5000,1000,0.1,40,60,156,0.85,0.25,1,3,60,60,1,50,1779
"569",2,50,0.15,0.9,0.9,5000,1000,0.1,40,60,156,0.85,0.25,1,3,60,60,1,50,1788
"570",2,50,0.15,0.9,0.9,5000,1000,0.1,40,60,156,0.85,0.25,1,3,60,60,1,50,1789
"571",2,50,0.15,0.9,0.9,5000,1000,0.1,40,60,156,0.85,0.25,1,3,60,60,1,50,1790
"572",2,50,0.15,0.9,0.9,5000,1000,0.1,40,60,156,0.85,0.25,1,3,60,60,1,50,1806
"573",2,50,0.15,0.9,0.9,5000,1000,0.1,40,60,156,0.85,0.25,1,3,60,60,1,50,1810
"574",2,50,0.15,0.9,0.9,5000,1000,0.1,40,60,156,0.85,0.25,1,3,60,60,1,50,1811
"575",2,50,0.15,0.9,0.9,5000,1000,0.1,40,60,156,0.85,0.25,1,3,60,60,1,50,1813
"576",2,50,0.15,0.9,0.9,5000,1000,0.1,40,60,156,0.85,0.25,1,3,60,60,1,50,1814
"577",2,50,0.15,0.9,0.9,5000,1000,0.1,40,60,156,0.85,0.25,1,3,60,60,1,50,1827
"578",2,50,0.15,0.9,0.9,5000,1000,0.1,40,60,156,0.85,0.25,1,3,60,60,1,50,1830
"579",2,50,0.15,0.9,0.9,5000,1000,0.1,40,60,156,0.85,0.25,1,3,60,60,1,50,1832
"580",2,50,0.15,0.9,0.9,5000,1000,0.1,40,60,156,0.85,0.25,1,3,60,60,1,50,1835
"581",2,50,0.15,0.9,0.9,5000,1000,0.1,40,60,156,0.85,0.25,1,3,60,60,1,50,1837
"582",2,50,0.15,0.9,0.9,5000,1000,0.1,40,60,156,0.85,0.25,1,3,60,60,1,50,1838
"583",2,50,0.15,0.9,0.9,5000,1000,0.1,40,60,156,0.85,0.25,1,3,60,60,1,50,1839
"584",2,50,0.15,0.9,0.9,5000,1000,0.1,40,60,156,0.85,0.25,1,3,60,60,1,50,1840
"585",2,50,0.15,0.9,0.9,5000,1000,0.1,40,60,156,0.85,0.25,1,3,60,60,1,50,1844
"586",2,50,0.15,0.9,0.9,5000,1000,0.1,40,60,156,0.85,0.25,1,3,60,60,1,50,1852
"587",2,50,0.15,0.9,0.9,5000,1000,0.1,40,60,156,0.85,0.25,1,3,60,60,1,50,1856
"588",2,50,0.15,0.9,0.9,5000,1000,0.1,40,60,156,0.85,0.25,1,3,60,60,1,50,1861
"589",2,50,0.15,0.9,0.9,5000,1000,0.1,40,60,156,0.85,0.25,1,3,60,60,1,50,1862
"590",2,50,0.15,0.9,0.9,5000,1000,0.1,40,60,156,0.85,0.25,1,3,60,60,1,50,1868
"591",2,50,0.15,0.9,0.9,5000,1000,0.1,40,60,156,0.85,0.25,1,3,60,60,1,50,1869
"592",2,50,0.15,0.9,0.9,5000,1000,0.1,40,60,156,0.85,0.25,1,3,60,60,1,50,1873
"593",2,50,0.15,0.9,0.9,5000,1000,0.1,40,60,156,0.85,0.25,1,3,60,60,1,50,1880
"594",2,50,0.15,0.9,0.9,5000,1000,0.1,40,60,156,0.85,0.25,1,3,60,60,1,50,1883
"595",2,50,0.15,0.9,0.9,5000,1000,0.1,40,60,156,0.85,0.25,1,3,60,60,1,50,1887
"596",2,50,0.15,0.9,0.9,5000,1000,0.1,40,60,156,0.85,0.25,1,3,60,60,1,50,1888
"597",2,50,0.15,0.9,0.9,5000,1000,0.1,40,60,156,0.85,0.25,1,3,60,60,1,50,1910
"598",2,50,0.15,0.9,0.9,5000,1000,0.1,40,60,156,0.85,0.25,1,3,60,60,1,50,1911
"599",2,50,0.15,0.9,0.9,5000,1000,0.1,40,60,156,0.85,0.25,1,3,60,60,1,50,1915
"600",2,50,0.15,0.9,0.9,5000,1000,0.1,40,60,156,0.85,0.25,1,3,60,60,1,50,1925
"601",2,50,0.15,0.9,0.9,5000,1000,0.1,40,60,156,0.85,0.25,1,3,60,60,1,50,1930
"602",2,50,0.15,0.9,0.9,5000,1000,0.1,40,60,156,0.85,0.25,1,3,60,60,1,50,1936
"603",2,50,0.15,0.9,0.9,5000,1000,0.1,40,60,156,0.85,0.25,1,3,60,60,1,50,1937
"604",2,50,0.15,0.9,0.9,5000,1000,0.1,40,60,156,0.85,0.25,1,3,60,60,1,50,1938
"605",2,50,0.15,0.9,0.9,5000,1000,0.1,40,60,156,0.85,0.25,1,3,60,60,1,50,1939
"606",2,50,0.15,0.9,0.9,5000,1000,0.1,40,60,156,0.85,0.25,1,3,60,60,1,50,1959
"607",2,50,0.15,0.9,0.9,5000,1000,0.1,40,60,156,0.85,0.25,1,3,60,60,1,50,1960
"608",2,50,0.15,0.9,0.9,5000,1000,0.1,40,60,156,0.85,0.25,1,3,60,60,1,50,1962
"609",2,50,0.15,0.9,0.9,5000,1000,0.1,40,60,156,0.85,0.25,1,3,60,60,1,50,1964
"610",2,50,0.15,0.9,0.9,5000,1000,0.1,40,60,156,0.85,0.25,1,3,60,60,1,50,1966
"611",2,50,0.15,0.9,0.9,5000,1000,0.1,40,60,156,0.85,0.25,1,3,60,60,1,50,1967
"612",2,50,0.15,0.9,0.9,5000,1000,0.1,40,60,156,0.85,0.25,1,3,60,60,1,50,1972
"613",2,50,0.15,0.9,0.9,5000,1000,0.1,40,60,156,0.85,0.25,1,3,60,60,1,50,1980
"614",2,50,0.15,0.9,0.9,5000,1000,0.1,40,60,156,0.85,0.25,1,3,60,60,1,50,1984
"615",2,50,0.15,0.9,0.9,5000,1000,0.1,40,60,156,0.85,0.25,1,3,60,60,1,50,1985
"616",2,50,0.15,0.9,0.9,5000,1000,0.1,40,60,156,0.85,0.25,1,3,60,60,1,50,1986
"617",2,50,0.15,0.9,0.9,5000,1000,0.1,40,60,156,0.85,0.25,1,3,60,60,1,50,1988
"618",2,50,0.15,0.9,0.9,5000,1000,0.1,40,60,156,0.85,0.25,1,3,60,60,1,50,1989
"619",2,50,0.15,0.9,0.9,5000,1000,0.1,40,60,156,0.85,0.25,1,3,60,60,1,50,2001
"620",2,50,0.15,0.9,0.9,5000,1000,0.1,40,60,156,0.85,0.25,1,3,60,60,1,50,2014
"621",2,50,0.15,0.9,0.9,5000,1000,0.1,40,60,156,0.85,0.25,1,3,60,60,1,50,2018
"622",2,50,0.15,0.9,0.9,5000,1000,0.1,40,60,156,0.85,0.25,1,3,60,60,1,50,2020
"623",2,50,0.15,0.9,0.9,5000,1000,0.1,40,60,156,0.85,0.25,1,3,60,60,1,50,2037
"624",2,50,0.15,0.9,0.9,5000,1000,0.1,40,60,156,0.85,0.25,1,3,60,60,1,50,2040
"625",2,50,0.15,0.9,0.9,5000,1000,0.1,40,60,156,0.85,0.25,1,3,60,60,1,50,2041
"626",2,50,0.15,0.9,0.9,5000,1000,0.1,40,60,156,0.85,0.25,1,3,60,60,1,50,2051
"627",2,50,0.15,0.9,0.9,5000,1000,0.1,40,60,156,0.85,0.25,1,3,60,60,1,50,2062
"628",2,50,0.15,0.9,0.9,5000,1000,0.1,40,60,156,0.85,0.25,1,3,60,60,1,50,2063
"629",2,50,0.15,0.9,0.9,5000,1000,0.1,40,60,156,0.85,0.25,1,3,60,60,1,50,2064
"630",2,50,0.15,0.9,0.9,5000,1000,0.1,40,60,156,0.85,0.25,1,3,60,60,1,50,2068
"631",2,50,0.15,0.9,0.9,5000,1000,0.1,40,60,156,0.85,0.25,1,3,60,60,1,50,2070
"632",2,50,0.15,0.9,0.9,5000,1000,0.1,40,60,156,0.85,0.25,1,3,60,60,1,50,2074
"633",2,50,0.15,0.9,0.9,5000,1000,0.1,40,60,156,0.85,0.25,1,3,60,60,1,50,2087
"634",2,50,0.15,0.9,0.9,5000,1000,0.1,40,60,156,0.85,0.25,1,3,60,60,1,50,2090
"635",2,50,0.15,0.9,0.9,5000,1000,0.1,40,60,156,0.85,0.25,1,3,60,60,1,50,2092
"636",2,50,0.15,0.9,0.9,5000,1000,0.1,40,60,156,0.85,0.25,1,3,60,60,1,50,2098
"637",2,50,0.15,0.9,0.9,5000,1000,0.1,40,60,156,0.85,0.25,1,3,60,60,1,50,2111
"638",2,50,0.15,0.9,0.9,5000,1000,0.1,40,60,156,0.85,0.25,1,3,60,60,1,50,2121
"639",2,50,0.15,0.9,0.9,5000,1000,0.1,40,60,156,0.85,0.25,1,3,60,60,1,50,2123
"640",2,50,0.15,0.9,0.9,5000,1000,0.1,40,60,156,0.85,0.25,1,3,60,60,1,50,2131
"641",2,50,0.15,0.9,0.9,5000,1000,0.1,40,60,156,0.85,0.25,1,3,60,60,1,50,2135
"642",2,50,0.15,0.9,0.9,5000,1000,0.1,40,60,156,0.85,0.25,1,3,60,60,1,50,2136
"643",2,50,0.15,0.9,0.9,5000,1000,0.1,40,60,156,0.85,0.25,1,3,60,60,1,50,2137
"644",2,50,0.15,0.9,0.9,5000,1000,0.1,40,60,156,0.85,0.25,1,3,60,60,1,50,2138
"645",2,50,0.15,0.9,0.9,5000,1000,0.1,40,60,156,0.85,0.25,1,3,60,60,1,50,2139
"646",2,50,0.15,0.9,0.9,5000,1000,0.1,40,60,156,0.85,0.25,1,3,60,60,1,50,2140
"647",2,50,0.15,0.9,0.9,5000,1000,0.1,40,60,156,0.85,0.25,1,3,60,60,1,50,2141
"648",2,50,0.15,0.9,0.9,5000,1000,0.1,40,60,156,0.85,0.25,1,3,60,60,1,50,2142
"649",2,50,0.15,0.9,0.9,5000,1000,0.1,40,60,156,0.85,0.25,1,3,60,60,1,50,2147
"650",2,50,0.15,0.9,0.9,5000,1000,0.1,40,60,156,0.85,0.25,1,3,60,60,1,50,2149
"651",2,50,0.15,0.9,0.9,5000,1000,0.1,40,60,156,0.85,0.25,1,3,60,60,1,50,2150
"652",2,50,0.15,0.9,0.9,5000,1000,0.1,40,60,156,0.85,0.25,1,3,60,60,1,50,2154
"653",2,50,0.15,0.9,0.9,5000,1000,0.1,40,60,156,0.85,0.25,1,3,60,60,1,50,2159
"654",2,50,0.15,0.9,0.9,5000,1000,0.1,40,60,156,0.85,0.25,1,3,60,60,1,50,2161
"655",2,50,0.15,0.9,0.9,5000,1000,0.1,40,60,156,0.85,0.25,1,3,60,60,1,50,2181
"656",2,50,0.15,0.9,0.9,5000,1000,0.1,40,60,156,0.85,0.25,1,3,60,60,1,50,2182
"657",2,50,0.15,0.9,0.9,5000,1000,0.1,40,60,156,0.85,0.25,1,3,60,60,1,50,2184
"658",2,50,0.15,0.9,0.9,5000,1000,0.1,40,60,156,0.85,0.25,1,3,60,60,1,50,2186
"659",2,50,0.15,0.9,0.9,5000,1000,0.1,40,60,156,0.85,0.25,1,3,60,60,1,50,2187
"660",2,50,0.15,0.9,0.9,5000,1000,0.1,40,60,156,0.85,0.25,1,3,60,60,1,50,2189
"661",2,50,0.15,0.9,0.9,5000,1000,0.1,40,60,156,0.85,0.25,1,3,60,60,1,50,2191
"662",2,50,0.15,0.9,0.9,5000,1000,0.1,40,60,156,0.85,0.25,1,3,60,60,1,50,2194
"663",2,50,0.15,0.9,0.9,5000,1000,0.1,40,60,156,0.85,0.25,1,3,60,60,1,50,2197
"664",2,50,0.15,0.9,0.9,5000,1000,0.1,40,60,156,0.85,0.25,1,3,60,60,1,50,2198
"665",2,50,0.15,0.9,0.9,5000,1000,0.1,40,60,156,0.85,0.25,1,3,60,60,1,50,2199
"666",2,50,0.15,0.9,0.9,5000,1000,0.1,40,60,156,0.85,0.25,1,3,60,60,1,50,2200
"667",2,50,0.15,0.9,0.9,5000,1000,0.1,40,60,156,0.85,0.25,1,3,60,60,1,50,2228
"668",2,50,0.15,0.9,0.9,5000,1000,0.1,40,60,156,0.85,0.25,1,3,60,60,1,50,2231
"669",2,50,0.15,0.9,0.9,5000,1000,0.1,40,60,156,0.85,0.25,1,3,60,60,1,50,2233
"670",2,50,0.15,0.9,0.9,5000,1000,0.1,40,60,156,0.85,0.25,1,3,60,60,1,50,2234
"671",2,50,0.15,0.9,0.9,5000,1000,0.1,40,60,156,0.85,0.25,1,3,60,60,1,50,2236
"672",2,50,0.15,0.9,0.9,5000,1000,0.1,40,60,156,0.85,0.25,1,3,60,60,1,50,2237
"673",2,50,0.15,0.9,0.9,5000,1000,0.1,40,60,156,0.85,0.25,1,3,60,60,1,50,2238
"674",2,50,0.15,0.9,0.9,5000,1000,0.1,40,60,156,0.85,0.25,1,3,60,60,1,50,2239
"675",2,50,0.15,0.9,0.9,5000,1000,0.1,40,60,156,0.85,0.25,1,3,60,60,1,50,2240
"676",2,50,0.15,0.9,0.9,5000,1000,0.1,40,60,156,0.85,0.25,1,3,60,60,1,50,2241
"677",2,50,0.15,0.9,0.9,5000,1000,0.1,40,60,156,0.85,0.25,1,3,60,60,1,50,2242
"678",2,50,0.15,0.9,0.9,5000,1000,0.1,40,60,156,0.85,0.25,1,3,60,60,1,50,2244
"679",2,50,0.15,0.9,0.9,5000,1000,0.1,40,60,156,0.85,0.25,1,3,60,60,1,50,2248
"680",2,50,0.15,0.9,0.9,5000,1000,0.1,40,60,156,0.85,0.25,1,3,60,60,1,50,2249
"681",2,50,0.15,0.9,0.9,5000,1000,0.1,40,60,156,0.85,0.25,1,3,60,60,1,50,2263
"682",2,50,0.15,0.9,0.9,5000,1000,0.1,40,60,156,0.85,0.25,1,3,60,60,1,50,2274
"683",2,50,0.15,0.9,0.9,5000,1000,0.1,40,60,156,0.85,0.25,1,3,60,60,1,50,2275
"684",2,50,0.15,0.9,0.9,5000,1000,0.1,40,60,156,0.85,0.25,1,3,60,60,1,50,2285
"685",2,50,0.15,0.9,0.9,5000,1000,0.1,40,60,156,0.85,0.25,1,3,60,60,1,50,2286
"686",2,50,0.15,0.9,0.9,5000,1000,0.1,40,60,156,0.85,0.25,1,3,60,60,1,50,2288
"687",2,50,0.15,0.9,0.9,5000,1000,0.1,40,60,156,0.85,0.25,1,3,60,60,1,50,2289
"688",2,50,0.15,0.9,0.9,5000,1000,0.1,40,60,156,0.85,0.25,1,3,60,60,1,50,2293
"689",2,50,0.15,0.9,0.9,5000,1000,0.1,40,60,156,0.85,0.25,1,3,60,60,1,50,2297
"690",2,50,0.15,0.9,0.9,5000,1000,0.1,40,60,156,0.85,0.25,1,3,60,60,1,50,2299
"691",2,50,0.15,0.9,0.9,5000,1000,0.1,40,60,156,0.85,0.25,1,3,60,60,1,50,2300
"692",2,50,0.15,0.9,0.9,5000,1000,0.1,40,60,156,0.85,0.25,1,3,60,60,1,50,2306
"693",2,50,0.15,0.9,0.9,5000,1000,0.1,40,60,156,0.85,0.25,1,3,60,60,1,50,2318
"694",2,50,0.15,0.9,0.9,5000,1000,0.1,40,60,156,0.85,0.25,1,3,60,60,1,50,2327
"695",2,50,0.15,0.9,0.9,5000,1000,0.1,40,60,156,0.85,0.25,1,3,60,60,1,50,2336
"696",2,50,0.15,0.9,0.9,5000,1000,0.1,40,60,156,0.85,0.25,1,3,60,60,1,50,2338
"697",2,50,0.15,0.9,0.9,5000,1000,0.1,40,60,156,0.85,0.25,1,3,60,60,1,50,2340
"698",2,50,0.15,0.9,0.9,5000,1000,0.1,40,60,156,0.85,0.25,1,3,60,60,1,50,2341
"699",2,50,0.15,0.9,0.9,5000,1000,0.1,40,60,156,0.85,0.25,1,3,60,60,1,50,2342
"700",2,50,0.15,0.9,0.9,5000,1000,0.1,40,60,156,0.85,0.25,1,3,60,60,1,50,2343
"701",2,50,0.15,0.9,0.9,5000,1000,0.1,40,60,156,0.85,0.25,1,3,60,60,1,50,2349
"702",2,50,0.15,0.9,0.9,5000,1000,0.1,40,60,156,0.85,0.25,1,3,60,60,1,50,2350
"703",2,50,0.15,0.9,0.9,5000,1000,0.1,40,60,156,0.85,0.25,1,3,60,60,1,50,2355
"704",2,50,0.15,0.9,0.9,5000,1000,0.1,40,60,156,0.85,0.25,1,3,60,60,1,50,2363
"705",2,50,0.15,0.9,0.9,5000,1000,0.1,40,60,156,0.85,0.25,1,3,60,60,1,50,2367
"706",2,50,0.15,0.9,0.9,5000,1000,0.1,40,60,156,0.85,0.25,1,3,60,60,1,50,2369
"707",2,50,0.15,0.9,0.9,5000,1000,0.1,40,60,156,0.85,0.25,1,3,60,60,1,50,2372
"708",2,50,0.15,0.9,0.9,5000,1000,0.1,40,60,156,0.85,0.25,1,3,60,60,1,50,2376
"709",2,50,0.15,0.9,0.9,5000,1000,0.1,40,60,156,0.85,0.25,1,3,60,60,1,50,2377
"710",2,50,0.15,0.9,0.9,5000,1000,0.1,40,60,156,0.85,0.25,1,3,60,60,1,50,2378
"711",2,50,0.15,0.9,0.9,5000,1000,0.1,40,60,156,0.85,0.25,1,3,60,60,1,50,2379
"712",2,50,0.15,0.9,0.9,5000,1000,0.1,40,60,156,0.85,0.25,1,3,60,60,1,50,2386
"713",2,50,0.15,0.9,0.9,5000,1000,0.1,40,60,156,0.85,0.25,1,3,60,60,1,50,2387
"714",2,50,0.15,0.9,0.9,5000,1000,0.1,40,60,156,0.85,0.25,1,3,60,60,1,50,2390
"715",2,50,0.15,0.9,0.9,5000,1000,0.1,40,60,156,0.85,0.25,1,3,60,60,1,50,2391
"716",2,50,0.15,0.9,0.9,5000,1000,0.1,40,60,156,0.85,0.25,1,3,60,60,1,50,2392
"717",2,50,0.15,0.9,0.9,5000,1000,0.1,40,60,156,0.85,0.25,1,3,60,60,1,50,2394
"718",2,50,0.15,0.9,0.9,5000,1000,0.1,40,60,156,0.85,0.25,1,3,60,60,1,50,2395
"719",2,50,0.15,0.9,0.9,5000,1000,0.1,40,60,156,0.85,0.25,1,3,60,60,1,50,2396
"720",2,50,0.15,0.9,0.9,5000,1000,0.1,40,60,156,0.85,0.25,1,3,60,60,1,50,2397
"721",2,50,0.15,0.9,0.9,5000,1000,0.1,40,60,156,0.85,0.25,1,3,60,60,1,50,2398
"722",2,50,0.15,0.9,0.9,5000,1000,0.1,40,60,156,0.85,0.25,1,3,60,60,1,50,2414
"723",2,50,0.15,0.9,0.9,5000,1000,0.1,40,60,156,0.85,0.25,1,3,60,60,1,50,2419
"724",2,50,0.15,0.9,0.9,5000,1000,0.1,40,60,156,0.85,0.25,1,3,60,60,1,50,2420
"725",2,50,0.15,0.9,0.9,5000,1000,0.1,40,60,156,0.85,0.25,1,3,60,60,1,50,2421
"726",2,50,0.15,0.9,0.9,5000,1000,0.1,40,60,156,0.85,0.25,1,3,60,60,1,50,2423
"727",2,50,0.15,0.9,0.9,5000,1000,0.1,40,60,156,0.85,0.25,1,3,60,60,1,50,2424
"728",2,50,0.15,0.9,0.9,5000,1000,0.1,40,60,156,0.85,0.25,1,3,60,60,1,50,2426
"729",2,50,0.15,0.9,0.9,5000,1000,0.1,40,60,156,0.85,0.25,1,3,60,60,1,50,2429
"730",2,50,0.15,0.9,0.9,5000,1000,0.1,40,60,156,0.85,0.25,1,3,60,60,1,50,2435
"731",2,50,0.15,0.9,0.9,5000,1000,0.1,40,60,156,0.85,0.25,1,3,60,60,1,50,2436
"732",2,50,0.15,0.9,0.9,5000,1000,0.1,40,60,156,0.85,0.25,1,3,60,60,1,50,2437
"733",2,50,0.15,0.9,0.9,5000,1000,0.1,40,60,156,0.85,0.25,1,3,60,60,1,50,2438
"734",2,50,0.15,0.9,0.9,5000,1000,0.1,40,60,156,0.85,0.25,1,3,60,60,1,50,2439
"735",2,50,0.15,0.9,0.9,5000,1000,0.1,40,60,156,0.85,0.25,1,3,60,60,1,50,2440
"736",2,50,0.15,0.9,0.9,5000,1000,0.1,40,60,156,0.85,0.25,1,3,60,60,1,50,2441
"737",2,50,0.15,0.9,0.9,5000,1000,0.1,40,60,156,0.85,0.25,1,3,60,60,1,50,2443
"738",2,50,0.15,0.9,0.9,5000,1000,0.1,40,60,156,0.85,0.25,1,3,60,60,1,50,2447
"739",2,50,0.15,0.9,0.9,5000,1000,0.1,40,60,156,0.85,0.25,1,3,60,60,1,50,2448
"740",2,50,0.15,0.9,0.9,5000,1000,0.1,40,60,156,0.85,0.25,1,3,60,60,1,50,2458
"741",2,50,0.15,0.9,0.9,5000,1000,0.1,40,60,156,0.85,0.25,1,3,60,60,1,50,2459
"742",2,50,0.15,0.9,0.9,5000,1000,0.1,40,60,156,0.85,0.25,1,3,60,60,1,50,2464
"743",2,50,0.15,0.9,0.9,5000,1000,0.1,40,60,156,0.85,0.25,1,3,60,60,1,50,2470
"744",2,50,0.15,0.9,0.9,5000,1000,0.1,40,60,156,0.85,0.25,1,3,60,60,1,50,2474
"745",2,50,0.15,0.9,0.9,5000,1000,0.1,40,60,156,0.85,0.25,1,3,60,60,1,50,2477
"746",2,50,0.15,0.9,0.9,5000,1000,0.1,40,60,156,0.85,0.25,1,3,60,60,1,50,2487
"747",2,50,0.15,0.9,0.9,5000,1000,0.1,40,60,156,0.85,0.25,1,3,60,60,1,50,2489
"748",2,50,0.15,0.9,0.9,5000,1000,0.1,40,60,156,0.85,0.25,1,3,60,60,1,50,2491
"749",2,50,0.15,0.9,0.9,5000,1000,0.1,40,60,156,0.85,0.25,1,3,60,60,1,50,2494
"750",2,50,0.15,0.9,0.9,5000,1000,0.1,40,60,156,0.85,0.25,1,3,60,60,1,50,2497
"751",2,50,0.15,0.9,0.9,5000,1000,0.1,40,60,156,0.85,0.25,1,3,60,60,1,50,2498
"752",2,50,0.15,0.9,0.9,5000,1000,0.1,40,60,156,0.85,0.25,1,3,60,60,1,50,2499
